;AÑOS;;;;;;;;;
;2018;;;2019;;;2020;;;Total 2020
;FEMENINO;MASCULINO;NR - NO REPORTADO;FEMENINO;MASCULINO;NR - NO REPORTADO;FEMENINO;MASCULINO;NR - NO REPORTADO;
17 - Caldas;13.099;8.158;1;15.912;9.913;1;16.011;10.301;1;26.313
17001 - Manizales;5.822;4.196;1;7.202;5.184;1;7.347;5.318;1;12.666
E100 - DIABETES MELLITUS INSULINODEPENDIENTE CON COMA;4;7;;3;3;;5;2;;7
E101 - DIABETES MELLITUS INSULINODEPENDIENTE CON CETOACIDOSIS;15;17;;18;22;;18;19;;37
E102 - DIABETES MELLITUS INSULINODEPENDIENTE CON COMPLICACIONES RENALES;77;63;;81;95;;146;164;;310
E103 - DIABETES MELLITUS INSULINODEPENDIENTE CON COMPLICACIONES OFTALMICAS;19;12;;24;17;;20;16;;36
E104 - DIABETES MELLITUS INSULINODEPENDIENTE CON COMPLICACIONES NEUROLOGICAS;23;15;;20;21;;24;13;;37
E105 - DIABETES MELLITUS INSULINODEPENDIENTE CON COMPLICACIONES CIRCULATORIAS PERIFERICAS;16;16;;45;34;;21;26;;47
E106 - DIABETES MELLITUS INSULINODEPENDIENTE CON OTRAS COMPLICACIONES ESPECIFICADAS;235;192;;573;390;;625;540;;1.165
E107 - DIABETES MELLITUS INSULINODEPENDIENTE CON COMPLICACIONES MULTIPLES;119;132;;129;104;;132;115;;247
E108 - DIABETES MELLITUS INSULINODEPENDIENTE CON COMPLICACIONES NO ESPECIFICADAS;449;357;1;628;473;;480;404;;884
E109 - DIABETES MELLITUS INSULINODEPENDIENTE SIN MENCION DE COMPLICACION;1.735;1.355;1;2.137;1.740;1;2.293;1.898;1;4.192
E110 - DIABETES MELLITUS NO INSULINODEPENDIENTE CON COMA;3;7;;9;11;;20;9;;29
E111 - DIABETES MELLITUS NO INSULINODEPENDIENTE CON CETOACIDOSIS;3;3;;14;14;;134;86;;220
E112 - DIABETES MELLITUS NO INSULINODEPENDIENTE CON COMPLICACIONES RENALES;45;45;;70;84;;164;170;;334
E113 - DIABETES MELLITUS NO INSULINODEPENDIENTE CON COMPLICACIONES OFTALMICAS;8;8;;7;8;;7;2;;9
E114 - DIABETES MELLITUS NO INSULINODEPENDIENTE CON COMPLICACIONES NEUROLOGICAS;10;17;;18;15;;13;14;;27
E115 - DIABETES MELLITUS NO INSULINODEPENDIENTE CON COMPLICACIONES CIRCULATORIAS PERIFERICAS;16;22;;23;14;;20;17;;37
E116 - DIABETES MELLITUS NO INSULINODEPENDIENTE CON OTRAS COMPLICACIONES ESPECIFICADAS;192;126;;248;164;;207;182;;389
E117 - DIABETES MELLITUS NO INSULINODEPENDIENTE CON COMPLICACIONES MULTIPLES;82;68;;58;59;;41;38;;79
E118 - DIABETES MELLITUS NO INSULINODEPENDIENTE CON COMPLICACIONES NO ESPECIFICADAS;222;200;;299;278;;207;180;;387
E119 - DIABETES MELLITUS NO INSULINODEPENDIENTE SIN MENCION DE COMPLICACION;3.745;2.657;;4.889;3.401;;5.169;3.537;;8.706
E120 - DIABETES MELLITUS ASOCIADA CON DESNUTRICION CON COMA;;;;;;;6;2;;8
E121 - DIABETES MELLITUS ASOCIADA CON DESNUTRICION CON CETOACIDOSIS;6;3;;;;;;;;
E122 - DIABETES MELLITUS ASOCIADA CON DESNUTRICION CON COMPLICACIONES RENALES;2;3;;2;3;;1;2;;3
E123 - DIABETES MELLITUS ASOCIADA CON DESNUTRICION CON COMPLICACIONES OFTALMICAS;1;;;;;;1;5;;6
E124 - DIABETES MELLITUS ASOCIADA CON DESNUTRICION CON COMPLICACIONES NEUROLOGICAS;1;1;;1;1;;2;3;;5
E125 - DIABETES MELLITUS ASOCIADA CON DESNUTRICION CON COMPLICACIONES CIRCULATORIAS PERIFERICAS;4;1;;2;3;;5;9;;14
E126 - DIABETES MELLITUS ASOCIADA CON DESNUTRICION CON OTRAS COMPLICACIONES ESPECIFICADAS;;;;6;4;;4;3;;7
E127 - DIABETES MELLITUS ASOCIADA CON DESNUTRICION CON COMPLICACIONES MULTIPLES;2;2;;2;2;;2;2;;4
E128 - DIABETES MELLITUS ASOCIADA CON DESNUTRICION CON COMPLICACIONES NO ESPECIFICADAS;3;6;;3;3;;3;5;;8
E129 - DIABETES MELLITUS ASOCIADA CON DESNUTRICION SIN MENCION DE COMPLICACION;8;3;;16;8;;12;8;;20
E130 - OTRAS DIABETES MELLITUS ESPECIFICADAS CON COMA;;;;1;2;;1;1;;2
E131 - OTRAS DIABETES MELLITUS ESPECIFICADAS CON CETOACIDOSIS;6;8;;1;4;;3;5;;8
E132 - OTRAS DIABETES MELLITUS ESPECIFICADAS CON COMPLICACIONES RENALES;3;3;;2;7;;4;1;;5
E133 - OTRAS DIABETES MELLITUS ESPECIFICADAS CON COMPLICACIONES OFTALMICAS;;2;;2;;;;;;
E134 - OTRAS DIABETES MELLITUS ESPECIFICADAS CON COMPLICACIONES NEUROLOGICAS;3;5;;2;1;;;;;
E135 - OTRAS DIABETES MELLITUS ESPECIFICADAS CON COMPLICACIONES CIRCULATORIAS PERIFERICAS;;3;;3;2;;2;1;;3
E136 - OTRAS DIABETES MELLITUS ESPECIFICADAS CON OTRAS COMPLICACIONES ESPECIFICADAS;34;19;;25;15;;21;16;;37
E137 - OTRAS DIABETES MELLITUS ESPECIFICADAS CON COMPLICACIONES MULTIPLES;7;1;;3;5;;1;3;;4
E138 - OTRAS DIABETES MELLITUS ESPECIFICADAS CON COMPLICACIONES NO ESPECIFICADAS;29;23;;54;49;;44;30;;74
E139 - OTRAS DIABETES MELLITUS ESPECIFICADAS SIN MENCION DE COMPLICACION;286;137;;483;330;;382;287;;669
E140 - DIABETES MELLITUS, NO ESPECIFICADA CON COMA;3;3;;2;1;;2;1;;3
E141 - DIABETES MELLITUS, NO ESPECIFICADA CON CETOACIDOSIS;2;2;;7;6;;11;7;;18
E142 - DIABETES MELLITUS, NO ESPECIFICADA CON COMPLICACIONES RENALES;14;21;;16;28;;9;12;;21
E143 - DIABETES MELLITUS, NO ESPECIFICADA CON COMPLICACIONES OFTALMICAS;23;18;;20;13;;15;8;;23
E144 - DIABETES MELLITUS, NO ESPECIFICADA CON COMPLICACIONES NEUROLOGICAS;4;1;;3;1;;1;1;;2
E145 - DIABETES MELLITUS, NO ESPECIFICADA CON COMPLICACIONES CIRCULATORIAS PERIFERICAS;14;19;;3;7;;3;4;;7
E146 - DIABETES MELLITUS, NO ESPECIFICADA CON OTRAS COMPLICACIONES ESPECIFICADAS;2;7;;27;20;;14;11;;25
E147 - DIABETES MELLITUS, NO ESPECIFICADA CON COMPLICACIONES MULTIPLES;11;9;;6;1;;10;6;;16
E148 - DIABETES MELLITUS, NO ESPECIFICADA CON COMPLICACIONES NO ESPECIFICADAS;26;26;;15;10;;10;12;;22
E149 - DIABETES MELLITUS, NO ESPECIFICADA SIN MENCION DE COMPLICACION;502;363;;478;378;;334;237;;571
17013 - Aguadas;145;75;;165;71;;145;77;;222
E100 - DIABETES MELLITUS INSULINODEPENDIENTE CON COMA;1;;;;;;;;;
E101 - DIABETES MELLITUS INSULINODEPENDIENTE CON CETOACIDOSIS;2;2;;;;;2;1;;3
E102 - DIABETES MELLITUS INSULINODEPENDIENTE CON COMPLICACIONES RENALES;;;;;1;;;5;;5
E103 - DIABETES MELLITUS INSULINODEPENDIENTE CON COMPLICACIONES OFTALMICAS;;;;;;;;;;
E104 - DIABETES MELLITUS INSULINODEPENDIENTE CON COMPLICACIONES NEUROLOGICAS;1;1;;2;;;;1;;1
E105 - DIABETES MELLITUS INSULINODEPENDIENTE CON COMPLICACIONES CIRCULATORIAS PERIFERICAS;;;;;1;;2;1;;3
E106 - DIABETES MELLITUS INSULINODEPENDIENTE CON OTRAS COMPLICACIONES ESPECIFICADAS;3;3;;9;3;;7;3;;10
E107 - DIABETES MELLITUS INSULINODEPENDIENTE CON COMPLICACIONES MULTIPLES;2;1;;;1;;;3;;3
E108 - DIABETES MELLITUS INSULINODEPENDIENTE CON COMPLICACIONES NO ESPECIFICADAS;6;6;;4;1;;4;4;;8
E109 - DIABETES MELLITUS INSULINODEPENDIENTE SIN MENCION DE COMPLICACION;50;25;;75;28;;57;32;;89
E111 - DIABETES MELLITUS NO INSULINODEPENDIENTE CON CETOACIDOSIS;;2;;;1;;3;;;3
E112 - DIABETES MELLITUS NO INSULINODEPENDIENTE CON COMPLICACIONES RENALES;;1;;;1;;;;;
E113 - DIABETES MELLITUS NO INSULINODEPENDIENTE CON COMPLICACIONES OFTALMICAS;1;;;1;1;;;;;
E114 - DIABETES MELLITUS NO INSULINODEPENDIENTE CON COMPLICACIONES NEUROLOGICAS;2;;;1;;;1;1;;2
E115 - DIABETES MELLITUS NO INSULINODEPENDIENTE CON COMPLICACIONES CIRCULATORIAS PERIFERICAS;;1;;1;1;;;;;
E116 - DIABETES MELLITUS NO INSULINODEPENDIENTE CON OTRAS COMPLICACIONES ESPECIFICADAS;4;4;;2;2;;3;1;;4
E117 - DIABETES MELLITUS NO INSULINODEPENDIENTE CON COMPLICACIONES MULTIPLES;1;;;;;;;;;
E118 - DIABETES MELLITUS NO INSULINODEPENDIENTE CON COMPLICACIONES NO ESPECIFICADAS;4;2;;1;;;;;;
E119 - DIABETES MELLITUS NO INSULINODEPENDIENTE SIN MENCION DE COMPLICACION;60;35;;85;39;;67;40;;107
E120 - DIABETES MELLITUS ASOCIADA CON DESNUTRICION CON COMA;;;;;;;;;;
E122 - DIABETES MELLITUS ASOCIADA CON DESNUTRICION CON COMPLICACIONES RENALES;;;;;;;;1;;1
E125 - DIABETES MELLITUS ASOCIADA CON DESNUTRICION CON COMPLICACIONES CIRCULATORIAS PERIFERICAS;;1;;;;;;;;
E126 - DIABETES MELLITUS ASOCIADA CON DESNUTRICION CON OTRAS COMPLICACIONES ESPECIFICADAS;1;;;;;;;;;
E128 - DIABETES MELLITUS ASOCIADA CON DESNUTRICION CON COMPLICACIONES NO ESPECIFICADAS;;;;1;;;;;;
E129 - DIABETES MELLITUS ASOCIADA CON DESNUTRICION SIN MENCION DE COMPLICACION;;1;;1;;;;;;
E131 - OTRAS DIABETES MELLITUS ESPECIFICADAS CON CETOACIDOSIS;2;1;;;;;;;;
E132 - OTRAS DIABETES MELLITUS ESPECIFICADAS CON COMPLICACIONES RENALES;;;;;2;;;;;
E134 - OTRAS DIABETES MELLITUS ESPECIFICADAS CON COMPLICACIONES NEUROLOGICAS;1;;;;;;;;;
E136 - OTRAS DIABETES MELLITUS ESPECIFICADAS CON OTRAS COMPLICACIONES ESPECIFICADAS;1;;;;;;1;;;1
E139 - OTRAS DIABETES MELLITUS ESPECIFICADAS SIN MENCION DE COMPLICACION;33;17;;6;5;;6;4;;10
E141 - DIABETES MELLITUS, NO ESPECIFICADA CON CETOACIDOSIS;1;1;;1;;;11;5;;16
E143 - DIABETES MELLITUS, NO ESPECIFICADA CON COMPLICACIONES OFTALMICAS;3;3;;1;1;;1;;;1
E144 - DIABETES MELLITUS, NO ESPECIFICADA CON COMPLICACIONES NEUROLOGICAS;;;;;;;;;;
E145 - DIABETES MELLITUS, NO ESPECIFICADA CON COMPLICACIONES CIRCULATORIAS PERIFERICAS;;;;;;;;1;;1
E146 - DIABETES MELLITUS, NO ESPECIFICADA CON OTRAS COMPLICACIONES ESPECIFICADAS;;;;3;1;;;;;
E148 - DIABETES MELLITUS, NO ESPECIFICADA CON COMPLICACIONES NO ESPECIFICADAS;3;;;;;;;3;;3
E149 - DIABETES MELLITUS, NO ESPECIFICADA SIN MENCION DE COMPLICACION;8;6;;8;5;;8;6;;14
17042 - Anserma;537;288;;467;268;;546;317;;863
E100 - DIABETES MELLITUS INSULINODEPENDIENTE CON COMA;;;;;;;;;;
E101 - DIABETES MELLITUS INSULINODEPENDIENTE CON CETOACIDOSIS;3;2;;2;;;3;2;;5
E102 - DIABETES MELLITUS INSULINODEPENDIENTE CON COMPLICACIONES RENALES;4;6;;3;2;;2;1;;3
E103 - DIABETES MELLITUS INSULINODEPENDIENTE CON COMPLICACIONES OFTALMICAS;24;6;;5;1;;2;1;;3
E104 - DIABETES MELLITUS INSULINODEPENDIENTE CON COMPLICACIONES NEUROLOGICAS;3;2;;2;;;;1;;1
E105 - DIABETES MELLITUS INSULINODEPENDIENTE CON COMPLICACIONES CIRCULATORIAS PERIFERICAS;4;2;;2;1;;1;1;;2
E106 - DIABETES MELLITUS INSULINODEPENDIENTE CON OTRAS COMPLICACIONES ESPECIFICADAS;26;10;;17;18;;13;14;;27
E107 - DIABETES MELLITUS INSULINODEPENDIENTE CON COMPLICACIONES MULTIPLES;10;6;;23;9;;42;15;;57
E108 - DIABETES MELLITUS INSULINODEPENDIENTE CON COMPLICACIONES NO ESPECIFICADAS;7;4;;6;5;;19;7;;26
E109 - DIABETES MELLITUS INSULINODEPENDIENTE SIN MENCION DE COMPLICACION;175;97;;178;100;;180;117;;297
E110 - DIABETES MELLITUS NO INSULINODEPENDIENTE CON COMA;;;;;;;2;3;;5
E111 - DIABETES MELLITUS NO INSULINODEPENDIENTE CON CETOACIDOSIS;2;2;;1;;;2;1;;3
E112 - DIABETES MELLITUS NO INSULINODEPENDIENTE CON COMPLICACIONES RENALES;2;1;;2;2;;1;2;;3
E113 - DIABETES MELLITUS NO INSULINODEPENDIENTE CON COMPLICACIONES OFTALMICAS;5;5;;4;1;;1;;;1
E114 - DIABETES MELLITUS NO INSULINODEPENDIENTE CON COMPLICACIONES NEUROLOGICAS;;;;;;;1;1;;2
E115 - DIABETES MELLITUS NO INSULINODEPENDIENTE CON COMPLICACIONES CIRCULATORIAS PERIFERICAS;;;;1;;;;1;;1
E116 - DIABETES MELLITUS NO INSULINODEPENDIENTE CON OTRAS COMPLICACIONES ESPECIFICADAS;8;7;;5;3;;5;6;;11
E117 - DIABETES MELLITUS NO INSULINODEPENDIENTE CON COMPLICACIONES MULTIPLES;1;2;;1;1;;11;6;;17
E118 - DIABETES MELLITUS NO INSULINODEPENDIENTE CON COMPLICACIONES NO ESPECIFICADAS;6;3;;4;2;;2;3;;5
E119 - DIABETES MELLITUS NO INSULINODEPENDIENTE SIN MENCION DE COMPLICACION;382;197;;285;182;;369;206;;575
E121 - DIABETES MELLITUS ASOCIADA CON DESNUTRICION CON CETOACIDOSIS;;;;;;;;1;;1
E124 - DIABETES MELLITUS ASOCIADA CON DESNUTRICION CON COMPLICACIONES NEUROLOGICAS;1;;;;;;;;;
E125 - DIABETES MELLITUS ASOCIADA CON DESNUTRICION CON COMPLICACIONES CIRCULATORIAS PERIFERICAS;1;;;;;;;;;
E126 - DIABETES MELLITUS ASOCIADA CON DESNUTRICION CON OTRAS COMPLICACIONES ESPECIFICADAS;;;;;;;;2;;2
E127 - DIABETES MELLITUS ASOCIADA CON DESNUTRICION CON COMPLICACIONES MULTIPLES;;;;;;;;;;
E128 - DIABETES MELLITUS ASOCIADA CON DESNUTRICION CON COMPLICACIONES NO ESPECIFICADAS;;1;;;;;;;;
E129 - DIABETES MELLITUS ASOCIADA CON DESNUTRICION SIN MENCION DE COMPLICACION;5;3;;5;1;;1;;;1
E131 - OTRAS DIABETES MELLITUS ESPECIFICADAS CON CETOACIDOSIS;;;;;;;;;;
E135 - OTRAS DIABETES MELLITUS ESPECIFICADAS CON COMPLICACIONES CIRCULATORIAS PERIFERICAS;;;;;;;;2;;2
E136 - OTRAS DIABETES MELLITUS ESPECIFICADAS CON OTRAS COMPLICACIONES ESPECIFICADAS;1;;;;1;;;;;
E137 - OTRAS DIABETES MELLITUS ESPECIFICADAS CON COMPLICACIONES MULTIPLES;1;2;;;;;;;;
E138 - OTRAS DIABETES MELLITUS ESPECIFICADAS CON COMPLICACIONES NO ESPECIFICADAS;;1;;;;;;;;
E139 - OTRAS DIABETES MELLITUS ESPECIFICADAS SIN MENCION DE COMPLICACION;117;67;;6;3;;12;7;;19
E140 - DIABETES MELLITUS, NO ESPECIFICADA CON COMA;;;;;1;;;;;
E141 - DIABETES MELLITUS, NO ESPECIFICADA CON CETOACIDOSIS;;;;2;1;;2;1;;3
E142 - DIABETES MELLITUS, NO ESPECIFICADA CON COMPLICACIONES RENALES;;;;;;;;1;;1
E143 - DIABETES MELLITUS, NO ESPECIFICADA CON COMPLICACIONES OFTALMICAS;3;2;;3;3;;3;1;;4
E145 - DIABETES MELLITUS, NO ESPECIFICADA CON COMPLICACIONES CIRCULATORIAS PERIFERICAS;;;;;;;;1;;1
E146 - DIABETES MELLITUS, NO ESPECIFICADA CON OTRAS COMPLICACIONES ESPECIFICADAS;1;2;;2;;;1;3;;4
E147 - DIABETES MELLITUS, NO ESPECIFICADA CON COMPLICACIONES MULTIPLES;1;1;;;1;;5;2;;7
E148 - DIABETES MELLITUS, NO ESPECIFICADA CON COMPLICACIONES NO ESPECIFICADAS;2;2;;1;;;1;;;1
E149 - DIABETES MELLITUS, NO ESPECIFICADA SIN MENCION DE COMPLICACION;33;19;;36;21;;56;39;;95
17050 - Aranzazu;188;81;;188;74;;163;70;;233
E100 - DIABETES MELLITUS INSULINODEPENDIENTE CON COMA;;;;;;;;;;
E101 - DIABETES MELLITUS INSULINODEPENDIENTE CON CETOACIDOSIS;2;;;1;2;;;1;;1
E102 - DIABETES MELLITUS INSULINODEPENDIENTE CON COMPLICACIONES RENALES;;;;1;;;;;;
E103 - DIABETES MELLITUS INSULINODEPENDIENTE CON COMPLICACIONES OFTALMICAS;;1;;;;;;;;
E104 - DIABETES MELLITUS INSULINODEPENDIENTE CON COMPLICACIONES NEUROLOGICAS;;;;1;;;;;;
E105 - DIABETES MELLITUS INSULINODEPENDIENTE CON COMPLICACIONES CIRCULATORIAS PERIFERICAS;;2;;;2;;;1;;1
E106 - DIABETES MELLITUS INSULINODEPENDIENTE CON OTRAS COMPLICACIONES ESPECIFICADAS;4;1;;4;1;;5;2;;7
E107 - DIABETES MELLITUS INSULINODEPENDIENTE CON COMPLICACIONES MULTIPLES;1;;;1;;;;;;
E108 - DIABETES MELLITUS INSULINODEPENDIENTE CON COMPLICACIONES NO ESPECIFICADAS;2;2;;24;9;;4;4;;8
E109 - DIABETES MELLITUS INSULINODEPENDIENTE SIN MENCION DE COMPLICACION;65;23;;62;30;;69;29;;98
E110 - DIABETES MELLITUS NO INSULINODEPENDIENTE CON COMA;;;;3;1;;;;;
E111 - DIABETES MELLITUS NO INSULINODEPENDIENTE CON CETOACIDOSIS;;;;;;;1;;;1
E112 - DIABETES MELLITUS NO INSULINODEPENDIENTE CON COMPLICACIONES RENALES;;;;;;;;;;
E113 - DIABETES MELLITUS NO INSULINODEPENDIENTE CON COMPLICACIONES OFTALMICAS;;1;;;;;;1;;1
E114 - DIABETES MELLITUS NO INSULINODEPENDIENTE CON COMPLICACIONES NEUROLOGICAS;;;;;;;;1;;1
E115 - DIABETES MELLITUS NO INSULINODEPENDIENTE CON COMPLICACIONES CIRCULATORIAS PERIFERICAS;;;;;;;1;;;1
E116 - DIABETES MELLITUS NO INSULINODEPENDIENTE CON OTRAS COMPLICACIONES ESPECIFICADAS;1;;;4;1;;1;3;;4
E117 - DIABETES MELLITUS NO INSULINODEPENDIENTE CON COMPLICACIONES MULTIPLES;;;;2;2;;1;;;1
E118 - DIABETES MELLITUS NO INSULINODEPENDIENTE CON COMPLICACIONES NO ESPECIFICADAS;3;;;16;6;;;1;;1
E119 - DIABETES MELLITUS NO INSULINODEPENDIENTE SIN MENCION DE COMPLICACION;137;57;;129;43;;101;36;;137
E121 - DIABETES MELLITUS ASOCIADA CON DESNUTRICION CON CETOACIDOSIS;;;;;;;;1;;1
E125 - DIABETES MELLITUS ASOCIADA CON DESNUTRICION CON COMPLICACIONES CIRCULATORIAS PERIFERICAS;;;;;;;1;;;1
E127 - DIABETES MELLITUS ASOCIADA CON DESNUTRICION CON COMPLICACIONES MULTIPLES;;;;;;;;;;
E128 - DIABETES MELLITUS ASOCIADA CON DESNUTRICION CON COMPLICACIONES NO ESPECIFICADAS;;;;;;;;;;
E129 - DIABETES MELLITUS ASOCIADA CON DESNUTRICION SIN MENCION DE COMPLICACION;;;;1;;;;;;
E131 - OTRAS DIABETES MELLITUS ESPECIFICADAS CON CETOACIDOSIS;;;;;;;;;;
E137 - OTRAS DIABETES MELLITUS ESPECIFICADAS CON COMPLICACIONES MULTIPLES;;;;1;;;;;;
E139 - OTRAS DIABETES MELLITUS ESPECIFICADAS SIN MENCION DE COMPLICACION;1;;;3;;;4;;;4
E140 - DIABETES MELLITUS, NO ESPECIFICADA CON COMA;1;;;;1;;;;;
E141 - DIABETES MELLITUS, NO ESPECIFICADA CON CETOACIDOSIS;;1;;;;;;;;
E143 - DIABETES MELLITUS, NO ESPECIFICADA CON COMPLICACIONES OFTALMICAS;3;2;;;1;;1;1;;2
E146 - DIABETES MELLITUS, NO ESPECIFICADA CON OTRAS COMPLICACIONES ESPECIFICADAS;;1;;1;;;;1;;1
E147 - DIABETES MELLITUS, NO ESPECIFICADA CON COMPLICACIONES MULTIPLES;;;;;;;;;;
E148 - DIABETES MELLITUS, NO ESPECIFICADA CON COMPLICACIONES NO ESPECIFICADAS;;;;;1;;;;;
E149 - DIABETES MELLITUS, NO ESPECIFICADA SIN MENCION DE COMPLICACION;;;;2;3;;22;8;;30
17088 - Belalcázar;148;78;;198;96;;203;103;;306
E101 - DIABETES MELLITUS INSULINODEPENDIENTE CON CETOACIDOSIS;2;;;1;1;;;;;
E102 - DIABETES MELLITUS INSULINODEPENDIENTE CON COMPLICACIONES RENALES;;;;1;;;;;;
E103 - DIABETES MELLITUS INSULINODEPENDIENTE CON COMPLICACIONES OFTALMICAS;1;;;1;;;1;;;1
E104 - DIABETES MELLITUS INSULINODEPENDIENTE CON COMPLICACIONES NEUROLOGICAS;;;;2;2;;2;;;2
E105 - DIABETES MELLITUS INSULINODEPENDIENTE CON COMPLICACIONES CIRCULATORIAS PERIFERICAS;1;2;;;1;;2;;;2
E106 - DIABETES MELLITUS INSULINODEPENDIENTE CON OTRAS COMPLICACIONES ESPECIFICADAS;7;3;;8;2;;3;1;;4
E107 - DIABETES MELLITUS INSULINODEPENDIENTE CON COMPLICACIONES MULTIPLES;;;;5;;;1;;;1
E108 - DIABETES MELLITUS INSULINODEPENDIENTE CON COMPLICACIONES NO ESPECIFICADAS;9;4;;13;7;;8;10;;18
E109 - DIABETES MELLITUS INSULINODEPENDIENTE SIN MENCION DE COMPLICACION;57;21;;66;27;;68;31;;99
E110 - DIABETES MELLITUS NO INSULINODEPENDIENTE CON COMA;;;;;1;;;;;
E111 - DIABETES MELLITUS NO INSULINODEPENDIENTE CON CETOACIDOSIS;1;;;1;;;;1;;1
E112 - DIABETES MELLITUS NO INSULINODEPENDIENTE CON COMPLICACIONES RENALES;2;;;1;;;;;;
E113 - DIABETES MELLITUS NO INSULINODEPENDIENTE CON COMPLICACIONES OFTALMICAS;1;1;;1;;;1;;;1
E114 - DIABETES MELLITUS NO INSULINODEPENDIENTE CON COMPLICACIONES NEUROLOGICAS;1;;;1;1;;;2;;2
E115 - DIABETES MELLITUS NO INSULINODEPENDIENTE CON COMPLICACIONES CIRCULATORIAS PERIFERICAS;1;;;;;;1;;;1
E116 - DIABETES MELLITUS NO INSULINODEPENDIENTE CON OTRAS COMPLICACIONES ESPECIFICADAS;6;1;;1;3;;1;;;1
E117 - DIABETES MELLITUS NO INSULINODEPENDIENTE CON COMPLICACIONES MULTIPLES;;;;1;;;;;;
E118 - DIABETES MELLITUS NO INSULINODEPENDIENTE CON COMPLICACIONES NO ESPECIFICADAS;1;;;3;3;;3;1;;4
E119 - DIABETES MELLITUS NO INSULINODEPENDIENTE SIN MENCION DE COMPLICACION;97;64;;140;74;;160;79;;239
E121 - DIABETES MELLITUS ASOCIADA CON DESNUTRICION CON CETOACIDOSIS;1;;;;;;;;;
E124 - DIABETES MELLITUS ASOCIADA CON DESNUTRICION CON COMPLICACIONES NEUROLOGICAS;;;;;;;;1;;1
E129 - DIABETES MELLITUS ASOCIADA CON DESNUTRICION SIN MENCION DE COMPLICACION;;1;;;;;1;;;1
E131 - OTRAS DIABETES MELLITUS ESPECIFICADAS CON CETOACIDOSIS;1;;;;;;;;;
E135 - OTRAS DIABETES MELLITUS ESPECIFICADAS CON COMPLICACIONES CIRCULATORIAS PERIFERICAS;;;;;;;1;;;1
E136 - OTRAS DIABETES MELLITUS ESPECIFICADAS CON OTRAS COMPLICACIONES ESPECIFICADAS;;;;;;;;;;
E137 - OTRAS DIABETES MELLITUS ESPECIFICADAS CON COMPLICACIONES MULTIPLES;1;;;;;;;;;
E138 - OTRAS DIABETES MELLITUS ESPECIFICADAS CON COMPLICACIONES NO ESPECIFICADAS;;;;;;;;1;;1
E139 - OTRAS DIABETES MELLITUS ESPECIFICADAS SIN MENCION DE COMPLICACION;2;3;;2;;;1;1;;2
E141 - DIABETES MELLITUS, NO ESPECIFICADA CON CETOACIDOSIS;3;;;;;;;;;
E142 - DIABETES MELLITUS, NO ESPECIFICADA CON COMPLICACIONES RENALES;;1;;;;;1;;;1
E143 - DIABETES MELLITUS, NO ESPECIFICADA CON COMPLICACIONES OFTALMICAS;;;;1;;;;;;
E144 - DIABETES MELLITUS, NO ESPECIFICADA CON COMPLICACIONES NEUROLOGICAS;;;;;;;;;;
E145 - DIABETES MELLITUS, NO ESPECIFICADA CON COMPLICACIONES CIRCULATORIAS PERIFERICAS;;;;;;;;;;
E146 - DIABETES MELLITUS, NO ESPECIFICADA CON OTRAS COMPLICACIONES ESPECIFICADAS;1;;;2;;;;1;;1
E147 - DIABETES MELLITUS, NO ESPECIFICADA CON COMPLICACIONES MULTIPLES;;;;;;;;1;;1
E148 - DIABETES MELLITUS, NO ESPECIFICADA CON COMPLICACIONES NO ESPECIFICADAS;;;;3;1;;2;3;;5
E149 - DIABETES MELLITUS, NO ESPECIFICADA SIN MENCION DE COMPLICACION;27;11;;14;7;;12;7;;19
17174 - Chinchiná;1.325;733;;1.208;713;;1.423;865;;2.288
E100 - DIABETES MELLITUS INSULINODEPENDIENTE CON COMA;;1;;;;;;;;
E101 - DIABETES MELLITUS INSULINODEPENDIENTE CON CETOACIDOSIS;7;2;;3;1;;2;4;;6
E102 - DIABETES MELLITUS INSULINODEPENDIENTE CON COMPLICACIONES RENALES;19;11;;12;8;;17;13;;30
E103 - DIABETES MELLITUS INSULINODEPENDIENTE CON COMPLICACIONES OFTALMICAS;8;3;;5;2;;2;4;;6
E104 - DIABETES MELLITUS INSULINODEPENDIENTE CON COMPLICACIONES NEUROLOGICAS;11;8;;6;2;;4;6;;10
E105 - DIABETES MELLITUS INSULINODEPENDIENTE CON COMPLICACIONES CIRCULATORIAS PERIFERICAS;4;7;;6;5;;12;8;;20
E106 - DIABETES MELLITUS INSULINODEPENDIENTE CON OTRAS COMPLICACIONES ESPECIFICADAS;135;58;;64;27;;45;29;;74
E107 - DIABETES MELLITUS INSULINODEPENDIENTE CON COMPLICACIONES MULTIPLES;38;27;;31;21;;9;7;;16
E108 - DIABETES MELLITUS INSULINODEPENDIENTE CON COMPLICACIONES NO ESPECIFICADAS;72;28;;102;64;;136;91;;227
E109 - DIABETES MELLITUS INSULINODEPENDIENTE SIN MENCION DE COMPLICACION;356;205;;373;222;;419;266;;685
E110 - DIABETES MELLITUS NO INSULINODEPENDIENTE CON COMA;1;;;1;1;;1;;;1
E111 - DIABETES MELLITUS NO INSULINODEPENDIENTE CON CETOACIDOSIS;1;3;;;1;;1;1;;2
E112 - DIABETES MELLITUS NO INSULINODEPENDIENTE CON COMPLICACIONES RENALES;7;8;;3;2;;6;4;;10
E113 - DIABETES MELLITUS NO INSULINODEPENDIENTE CON COMPLICACIONES OFTALMICAS;2;3;;3;;;2;2;;4
E114 - DIABETES MELLITUS NO INSULINODEPENDIENTE CON COMPLICACIONES NEUROLOGICAS;4;2;;3;2;;5;;;5
E115 - DIABETES MELLITUS NO INSULINODEPENDIENTE CON COMPLICACIONES CIRCULATORIAS PERIFERICAS;4;1;;3;1;;5;2;;7
E116 - DIABETES MELLITUS NO INSULINODEPENDIENTE CON OTRAS COMPLICACIONES ESPECIFICADAS;24;5;;16;8;;17;13;;30
E117 - DIABETES MELLITUS NO INSULINODEPENDIENTE CON COMPLICACIONES MULTIPLES;9;11;;9;4;;3;5;;8
E118 - DIABETES MELLITUS NO INSULINODEPENDIENTE CON COMPLICACIONES NO ESPECIFICADAS;65;25;;42;17;;40;20;;60
E119 - DIABETES MELLITUS NO INSULINODEPENDIENTE SIN MENCION DE COMPLICACION;665;347;;678;370;;897;513;;1.410
E121 - DIABETES MELLITUS ASOCIADA CON DESNUTRICION CON CETOACIDOSIS;;;;;;;;1;;1
E122 - DIABETES MELLITUS ASOCIADA CON DESNUTRICION CON COMPLICACIONES RENALES;2;;;1;;;1;;;1
E123 - DIABETES MELLITUS ASOCIADA CON DESNUTRICION CON COMPLICACIONES OFTALMICAS;1;;;2;;;1;;;1
E124 - DIABETES MELLITUS ASOCIADA CON DESNUTRICION CON COMPLICACIONES NEUROLOGICAS;1;;;;;;;;;
E125 - DIABETES MELLITUS ASOCIADA CON DESNUTRICION CON COMPLICACIONES CIRCULATORIAS PERIFERICAS;;;;;;;1;;;1
E126 - DIABETES MELLITUS ASOCIADA CON DESNUTRICION CON OTRAS COMPLICACIONES ESPECIFICADAS;1;;;1;1;;1;2;;3
E127 - DIABETES MELLITUS ASOCIADA CON DESNUTRICION CON COMPLICACIONES MULTIPLES;1;;;1;;;1;;;1
E128 - DIABETES MELLITUS ASOCIADA CON DESNUTRICION CON COMPLICACIONES NO ESPECIFICADAS;1;;;1;;;1;2;;3
E129 - DIABETES MELLITUS ASOCIADA CON DESNUTRICION SIN MENCION DE COMPLICACION;6;1;;2;;;2;1;;3
E130 - OTRAS DIABETES MELLITUS ESPECIFICADAS CON COMA;2;;;;;;;;;
E131 - OTRAS DIABETES MELLITUS ESPECIFICADAS CON CETOACIDOSIS;1;1;;;1;;;;;
E132 - OTRAS DIABETES MELLITUS ESPECIFICADAS CON COMPLICACIONES RENALES;2;2;;2;;;1;;;1
E133 - OTRAS DIABETES MELLITUS ESPECIFICADAS CON COMPLICACIONES OFTALMICAS;;;;;;;;;;
E134 - OTRAS DIABETES MELLITUS ESPECIFICADAS CON COMPLICACIONES NEUROLOGICAS;1;;;1;;;;1;;1
E135 - OTRAS DIABETES MELLITUS ESPECIFICADAS CON COMPLICACIONES CIRCULATORIAS PERIFERICAS;1;;;;;;;;;
E136 - OTRAS DIABETES MELLITUS ESPECIFICADAS CON OTRAS COMPLICACIONES ESPECIFICADAS;1;3;;2;;;2;3;;5
E137 - OTRAS DIABETES MELLITUS ESPECIFICADAS CON COMPLICACIONES MULTIPLES;;;;2;1;;1;;;1
E138 - OTRAS DIABETES MELLITUS ESPECIFICADAS CON COMPLICACIONES NO ESPECIFICADAS;3;3;;5;3;;6;12;;18
E139 - OTRAS DIABETES MELLITUS ESPECIFICADAS SIN MENCION DE COMPLICACION;364;175;;174;115;;152;120;;272
E141 - DIABETES MELLITUS, NO ESPECIFICADA CON CETOACIDOSIS;;;;;2;;;2;;2
E142 - DIABETES MELLITUS, NO ESPECIFICADA CON COMPLICACIONES RENALES;;1;;;;;;;;
E143 - DIABETES MELLITUS, NO ESPECIFICADA CON COMPLICACIONES OFTALMICAS;10;5;;8;3;;3;3;;6
E144 - DIABETES MELLITUS, NO ESPECIFICADA CON COMPLICACIONES NEUROLOGICAS;1;;;;;;;;;
E145 - DIABETES MELLITUS, NO ESPECIFICADA CON COMPLICACIONES CIRCULATORIAS PERIFERICAS;;3;;1;2;;;1;;1
E146 - DIABETES MELLITUS, NO ESPECIFICADA CON OTRAS COMPLICACIONES ESPECIFICADAS;6;1;;1;2;;;2;;2
E147 - DIABETES MELLITUS, NO ESPECIFICADA CON COMPLICACIONES MULTIPLES;1;2;;;;;;;;
E148 - DIABETES MELLITUS, NO ESPECIFICADA CON COMPLICACIONES NO ESPECIFICADAS;3;3;;1;3;;1;2;;3
E149 - DIABETES MELLITUS, NO ESPECIFICADA SIN MENCION DE COMPLICACION;100;65;;83;72;;71;60;;131
17272 - Filadelfia;139;67;;160;90;;137;81;;218
E100 - DIABETES MELLITUS INSULINODEPENDIENTE CON COMA;;;;;;;;;;
E101 - DIABETES MELLITUS INSULINODEPENDIENTE CON CETOACIDOSIS;2;;;2;;;;;;
E102 - DIABETES MELLITUS INSULINODEPENDIENTE CON COMPLICACIONES RENALES;;;;;1;;;3;;3
E103 - DIABETES MELLITUS INSULINODEPENDIENTE CON COMPLICACIONES OFTALMICAS;;;;1;;;1;;;1
E104 - DIABETES MELLITUS INSULINODEPENDIENTE CON COMPLICACIONES NEUROLOGICAS;1;;;;3;;;;;
E105 - DIABETES MELLITUS INSULINODEPENDIENTE CON COMPLICACIONES CIRCULATORIAS PERIFERICAS;1;;;;;;;3;;3
E106 - DIABETES MELLITUS INSULINODEPENDIENTE CON OTRAS COMPLICACIONES ESPECIFICADAS;1;1;;3;3;;1;1;;2
E107 - DIABETES MELLITUS INSULINODEPENDIENTE CON COMPLICACIONES MULTIPLES;;1;;1;3;;;3;;3
E108 - DIABETES MELLITUS INSULINODEPENDIENTE CON COMPLICACIONES NO ESPECIFICADAS;3;;;8;3;;4;1;;5
E109 - DIABETES MELLITUS INSULINODEPENDIENTE SIN MENCION DE COMPLICACION;40;20;;46;33;;46;27;;73
E110 - DIABETES MELLITUS NO INSULINODEPENDIENTE CON COMA;;;;2;;;1;;;1
E111 - DIABETES MELLITUS NO INSULINODEPENDIENTE CON CETOACIDOSIS;;;;1;1;;;1;;1
E112 - DIABETES MELLITUS NO INSULINODEPENDIENTE CON COMPLICACIONES RENALES;;;;2;1;;3;;;3
E113 - DIABETES MELLITUS NO INSULINODEPENDIENTE CON COMPLICACIONES OFTALMICAS;1;;;;;;;;;
E114 - DIABETES MELLITUS NO INSULINODEPENDIENTE CON COMPLICACIONES NEUROLOGICAS;2;;;;;;;;;
E115 - DIABETES MELLITUS NO INSULINODEPENDIENTE CON COMPLICACIONES CIRCULATORIAS PERIFERICAS;;2;;;3;;;1;;1
E116 - DIABETES MELLITUS NO INSULINODEPENDIENTE CON OTRAS COMPLICACIONES ESPECIFICADAS;;;;4;4;;3;;;3
E117 - DIABETES MELLITUS NO INSULINODEPENDIENTE CON COMPLICACIONES MULTIPLES;1;3;;1;;;;;;
E118 - DIABETES MELLITUS NO INSULINODEPENDIENTE CON COMPLICACIONES NO ESPECIFICADAS;1;;;1;1;;2;2;;4
E119 - DIABETES MELLITUS NO INSULINODEPENDIENTE SIN MENCION DE COMPLICACION;107;51;;134;62;;111;58;;169
E121 - DIABETES MELLITUS ASOCIADA CON DESNUTRICION CON CETOACIDOSIS;;;;;;;;;;
E123 - DIABETES MELLITUS ASOCIADA CON DESNUTRICION CON COMPLICACIONES OFTALMICAS;;;;;;;;;;
E125 - DIABETES MELLITUS ASOCIADA CON DESNUTRICION CON COMPLICACIONES CIRCULATORIAS PERIFERICAS;;;;;;;;;;
E126 - DIABETES MELLITUS ASOCIADA CON DESNUTRICION CON OTRAS COMPLICACIONES ESPECIFICADAS;;;;1;;;;;;
E129 - DIABETES MELLITUS ASOCIADA CON DESNUTRICION SIN MENCION DE COMPLICACION;;;;;;;;;;
E131 - OTRAS DIABETES MELLITUS ESPECIFICADAS CON CETOACIDOSIS;;;;1;;;;;;
E132 - OTRAS DIABETES MELLITUS ESPECIFICADAS CON COMPLICACIONES RENALES;;1;;;;;;;;
E135 - OTRAS DIABETES MELLITUS ESPECIFICADAS CON COMPLICACIONES CIRCULATORIAS PERIFERICAS;;;;;;;;;;
E136 - OTRAS DIABETES MELLITUS ESPECIFICADAS CON OTRAS COMPLICACIONES ESPECIFICADAS;;1;;2;;;;;;
E138 - OTRAS DIABETES MELLITUS ESPECIFICADAS CON COMPLICACIONES NO ESPECIFICADAS;;;;;;;;;;
E139 - OTRAS DIABETES MELLITUS ESPECIFICADAS SIN MENCION DE COMPLICACION;5;1;;7;5;;;2;;2
E141 - DIABETES MELLITUS, NO ESPECIFICADA CON CETOACIDOSIS;1;;;1;1;;;;;
E142 - DIABETES MELLITUS, NO ESPECIFICADA CON COMPLICACIONES RENALES;;;;;;;;;;
E143 - DIABETES MELLITUS, NO ESPECIFICADA CON COMPLICACIONES OFTALMICAS;2;;;3;;;1;;;1
E144 - DIABETES MELLITUS, NO ESPECIFICADA CON COMPLICACIONES NEUROLOGICAS;;;;;1;;;;;
E145 - DIABETES MELLITUS, NO ESPECIFICADA CON COMPLICACIONES CIRCULATORIAS PERIFERICAS;;;;;;;;;;
E146 - DIABETES MELLITUS, NO ESPECIFICADA CON OTRAS COMPLICACIONES ESPECIFICADAS;;;;;;;;2;;2
E147 - DIABETES MELLITUS, NO ESPECIFICADA CON COMPLICACIONES MULTIPLES;;;;;2;;;;;
E148 - DIABETES MELLITUS, NO ESPECIFICADA CON COMPLICACIONES NO ESPECIFICADAS;;1;;1;;;;;;
E149 - DIABETES MELLITUS, NO ESPECIFICADA SIN MENCION DE COMPLICACION;24;8;;9;3;;4;1;;5
17380 - La Dorada;1.404;867;;1.627;1.021;;1.525;1.044;;2.569
E100 - DIABETES MELLITUS INSULINODEPENDIENTE CON COMA;;;;1;1;;4;;;4
E101 - DIABETES MELLITUS INSULINODEPENDIENTE CON CETOACIDOSIS;7;2;;6;5;;4;5;;9
E102 - DIABETES MELLITUS INSULINODEPENDIENTE CON COMPLICACIONES RENALES;53;31;;27;23;;15;16;;31
E103 - DIABETES MELLITUS INSULINODEPENDIENTE CON COMPLICACIONES OFTALMICAS;2;;;6;1;;1;1;;2
E104 - DIABETES MELLITUS INSULINODEPENDIENTE CON COMPLICACIONES NEUROLOGICAS;21;8;;26;10;;10;10;;20
E105 - DIABETES MELLITUS INSULINODEPENDIENTE CON COMPLICACIONES CIRCULATORIAS PERIFERICAS;10;7;;5;15;;11;16;;27
E106 - DIABETES MELLITUS INSULINODEPENDIENTE CON OTRAS COMPLICACIONES ESPECIFICADAS;33;25;;32;27;;56;41;;97
E107 - DIABETES MELLITUS INSULINODEPENDIENTE CON COMPLICACIONES MULTIPLES;45;35;;33;16;;17;16;;33
E108 - DIABETES MELLITUS INSULINODEPENDIENTE CON COMPLICACIONES NO ESPECIFICADAS;28;32;;49;31;;71;55;;126
E109 - DIABETES MELLITUS INSULINODEPENDIENTE SIN MENCION DE COMPLICACION;388;228;;515;321;;457;316;;773
E110 - DIABETES MELLITUS NO INSULINODEPENDIENTE CON COMA;1;2;;3;4;;5;1;;6
E111 - DIABETES MELLITUS NO INSULINODEPENDIENTE CON CETOACIDOSIS;1;2;;41;33;;37;42;;79
E112 - DIABETES MELLITUS NO INSULINODEPENDIENTE CON COMPLICACIONES RENALES;64;39;;25;28;;17;31;;48
E113 - DIABETES MELLITUS NO INSULINODEPENDIENTE CON COMPLICACIONES OFTALMICAS;;1;;;1;;2;;;2
E114 - DIABETES MELLITUS NO INSULINODEPENDIENTE CON COMPLICACIONES NEUROLOGICAS;17;7;;18;5;;14;10;;24
E115 - DIABETES MELLITUS NO INSULINODEPENDIENTE CON COMPLICACIONES CIRCULATORIAS PERIFERICAS;4;2;;2;7;;5;5;;10
E116 - DIABETES MELLITUS NO INSULINODEPENDIENTE CON OTRAS COMPLICACIONES ESPECIFICADAS;22;16;;23;14;;24;26;;50
E117 - DIABETES MELLITUS NO INSULINODEPENDIENTE CON COMPLICACIONES MULTIPLES;16;8;;10;6;;6;4;;10
E118 - DIABETES MELLITUS NO INSULINODEPENDIENTE CON COMPLICACIONES NO ESPECIFICADAS;41;44;;54;42;;98;76;;174
E119 - DIABETES MELLITUS NO INSULINODEPENDIENTE SIN MENCION DE COMPLICACION;1.005;595;;1.134;700;;1.038;692;;1.730
E120 - DIABETES MELLITUS ASOCIADA CON DESNUTRICION CON COMA;4;1;;2;;;;1;;1
E121 - DIABETES MELLITUS ASOCIADA CON DESNUTRICION CON CETOACIDOSIS;1;;;;;;1;;;1
E122 - DIABETES MELLITUS ASOCIADA CON DESNUTRICION CON COMPLICACIONES RENALES;;;;;1;;;;;
E123 - DIABETES MELLITUS ASOCIADA CON DESNUTRICION CON COMPLICACIONES OFTALMICAS;;2;;;;;1;;;1
E124 - DIABETES MELLITUS ASOCIADA CON DESNUTRICION CON COMPLICACIONES NEUROLOGICAS;;1;;;1;;2;1;;3
E125 - DIABETES MELLITUS ASOCIADA CON DESNUTRICION CON COMPLICACIONES CIRCULATORIAS PERIFERICAS;5;;;1;2;;1;2;;3
E126 - DIABETES MELLITUS ASOCIADA CON DESNUTRICION CON OTRAS COMPLICACIONES ESPECIFICADAS;1;;;3;5;;3;3;;6
E127 - DIABETES MELLITUS ASOCIADA CON DESNUTRICION CON COMPLICACIONES MULTIPLES;;1;;;1;;1;1;;2
E128 - DIABETES MELLITUS ASOCIADA CON DESNUTRICION CON COMPLICACIONES NO ESPECIFICADAS;1;6;;4;;;1;2;;3
E129 - DIABETES MELLITUS ASOCIADA CON DESNUTRICION SIN MENCION DE COMPLICACION;4;3;;11;6;;1;1;;2
E131 - OTRAS DIABETES MELLITUS ESPECIFICADAS CON CETOACIDOSIS;;1;;1;1;;1;5;;6
E132 - OTRAS DIABETES MELLITUS ESPECIFICADAS CON COMPLICACIONES RENALES;1;1;;;;;;1;;1
E134 - OTRAS DIABETES MELLITUS ESPECIFICADAS CON COMPLICACIONES NEUROLOGICAS;;;;;;;;;;
E135 - OTRAS DIABETES MELLITUS ESPECIFICADAS CON COMPLICACIONES CIRCULATORIAS PERIFERICAS;;;;1;;;1;;;1
E136 - OTRAS DIABETES MELLITUS ESPECIFICADAS CON OTRAS COMPLICACIONES ESPECIFICADAS;2;;;1;4;;3;;;3
E138 - OTRAS DIABETES MELLITUS ESPECIFICADAS CON COMPLICACIONES NO ESPECIFICADAS;2;;;1;1;;;;;
E139 - OTRAS DIABETES MELLITUS ESPECIFICADAS SIN MENCION DE COMPLICACION;13;11;;38;32;;12;12;;24
E140 - DIABETES MELLITUS, NO ESPECIFICADA CON COMA;;;;;;;;;;
E141 - DIABETES MELLITUS, NO ESPECIFICADA CON CETOACIDOSIS;;3;;2;1;;2;1;;3
E142 - DIABETES MELLITUS, NO ESPECIFICADA CON COMPLICACIONES RENALES;;1;;;2;;;3;;3
E143 - DIABETES MELLITUS, NO ESPECIFICADA CON COMPLICACIONES OFTALMICAS;;1;;1;;;3;3;;6
E144 - DIABETES MELLITUS, NO ESPECIFICADA CON COMPLICACIONES NEUROLOGICAS;;;;1;;;1;;;1
E145 - DIABETES MELLITUS, NO ESPECIFICADA CON COMPLICACIONES CIRCULATORIAS PERIFERICAS;1;1;;1;5;;;1;;1
E146 - DIABETES MELLITUS, NO ESPECIFICADA CON OTRAS COMPLICACIONES ESPECIFICADAS;4;2;;6;14;;4;5;;9
E147 - DIABETES MELLITUS, NO ESPECIFICADA CON COMPLICACIONES MULTIPLES;;1;;11;8;;;1;;1
E148 - DIABETES MELLITUS, NO ESPECIFICADA CON COMPLICACIONES NO ESPECIFICADAS;6;2;;27;13;;6;5;;11
E149 - DIABETES MELLITUS, NO ESPECIFICADA SIN MENCION DE COMPLICACION;83;51;;160;83;;81;32;;113
17388 - La Merced;59;32;;58;32;;44;25;;69
E101 - DIABETES MELLITUS INSULINODEPENDIENTE CON CETOACIDOSIS;;;;;;;;;;
E102 - DIABETES MELLITUS INSULINODEPENDIENTE CON COMPLICACIONES RENALES;;;;;;;;;;
E103 - DIABETES MELLITUS INSULINODEPENDIENTE CON COMPLICACIONES OFTALMICAS;;;;;;;1;;;1
E105 - DIABETES MELLITUS INSULINODEPENDIENTE CON COMPLICACIONES CIRCULATORIAS PERIFERICAS;;;;;;;;;;
E106 - DIABETES MELLITUS INSULINODEPENDIENTE CON OTRAS COMPLICACIONES ESPECIFICADAS;1;;;4;1;;1;;;1
E107 - DIABETES MELLITUS INSULINODEPENDIENTE CON COMPLICACIONES MULTIPLES;;;;;1;;;;;
E108 - DIABETES MELLITUS INSULINODEPENDIENTE CON COMPLICACIONES NO ESPECIFICADAS;1;1;;2;1;;1;1;;2
E109 - DIABETES MELLITUS INSULINODEPENDIENTE SIN MENCION DE COMPLICACION;26;12;;27;11;;15;12;;27
E110 - DIABETES MELLITUS NO INSULINODEPENDIENTE CON COMA;1;;;;;;;;;
E114 - DIABETES MELLITUS NO INSULINODEPENDIENTE CON COMPLICACIONES NEUROLOGICAS;;;;;;;;;;
E115 - DIABETES MELLITUS NO INSULINODEPENDIENTE CON COMPLICACIONES CIRCULATORIAS PERIFERICAS;;;;1;;;;;;
E116 - DIABETES MELLITUS NO INSULINODEPENDIENTE CON OTRAS COMPLICACIONES ESPECIFICADAS;2;;;;;;2;;;2
E117 - DIABETES MELLITUS NO INSULINODEPENDIENTE CON COMPLICACIONES MULTIPLES;1;;;;;;1;;;1
E118 - DIABETES MELLITUS NO INSULINODEPENDIENTE CON COMPLICACIONES NO ESPECIFICADAS;;;;;;;2;;;2
E119 - DIABETES MELLITUS NO INSULINODEPENDIENTE SIN MENCION DE COMPLICACION;30;21;;32;24;;26;17;;43
E126 - DIABETES MELLITUS ASOCIADA CON DESNUTRICION CON OTRAS COMPLICACIONES ESPECIFICADAS;;;;1;;;;;;
E127 - DIABETES MELLITUS ASOCIADA CON DESNUTRICION CON COMPLICACIONES MULTIPLES;;;;;;;;;;
E129 - DIABETES MELLITUS ASOCIADA CON DESNUTRICION SIN MENCION DE COMPLICACION;;;;;;;;;;
E139 - OTRAS DIABETES MELLITUS ESPECIFICADAS SIN MENCION DE COMPLICACION;1;;;3;1;;2;1;;3
E140 - DIABETES MELLITUS, NO ESPECIFICADA CON COMA;;;;;;;;;;
E143 - DIABETES MELLITUS, NO ESPECIFICADA CON COMPLICACIONES OFTALMICAS;;;;1;;;;1;;1
E146 - DIABETES MELLITUS, NO ESPECIFICADA CON OTRAS COMPLICACIONES ESPECIFICADAS;;;;;;;;;;
E148 - DIABETES MELLITUS, NO ESPECIFICADA CON COMPLICACIONES NO ESPECIFICADAS;;;;;;;1;;;1
E149 - DIABETES MELLITUS, NO ESPECIFICADA SIN MENCION DE COMPLICACION;4;2;;5;1;;1;2;;3
17433 - Manzanares;240;147;;348;190;;259;152;;411
E101 - DIABETES MELLITUS INSULINODEPENDIENTE CON CETOACIDOSIS;2;1;;;;;2;;;2
E102 - DIABETES MELLITUS INSULINODEPENDIENTE CON COMPLICACIONES RENALES;3;2;;1;1;;2;1;;3
E103 - DIABETES MELLITUS INSULINODEPENDIENTE CON COMPLICACIONES OFTALMICAS;;;;;;;;;;
E104 - DIABETES MELLITUS INSULINODEPENDIENTE CON COMPLICACIONES NEUROLOGICAS;3;;;;;;1;;;1
E105 - DIABETES MELLITUS INSULINODEPENDIENTE CON COMPLICACIONES CIRCULATORIAS PERIFERICAS;1;3;;;;;1;2;;3
E106 - DIABETES MELLITUS INSULINODEPENDIENTE CON OTRAS COMPLICACIONES ESPECIFICADAS;6;6;;16;5;;10;12;;22
E107 - DIABETES MELLITUS INSULINODEPENDIENTE CON COMPLICACIONES MULTIPLES;;4;;4;;;;1;;1
E108 - DIABETES MELLITUS INSULINODEPENDIENTE CON COMPLICACIONES NO ESPECIFICADAS;9;3;;12;5;;7;5;;12
E109 - DIABETES MELLITUS INSULINODEPENDIENTE SIN MENCION DE COMPLICACION;105;62;;101;77;;90;63;;153
E110 - DIABETES MELLITUS NO INSULINODEPENDIENTE CON COMA;1;1;;1;;;;;;
E111 - DIABETES MELLITUS NO INSULINODEPENDIENTE CON CETOACIDOSIS;;;;3;;;;;;
E112 - DIABETES MELLITUS NO INSULINODEPENDIENTE CON COMPLICACIONES RENALES;;;;2;2;;1;2;;3
E113 - DIABETES MELLITUS NO INSULINODEPENDIENTE CON COMPLICACIONES OFTALMICAS;;;;;;;;;;
E114 - DIABETES MELLITUS NO INSULINODEPENDIENTE CON COMPLICACIONES NEUROLOGICAS;1;;;1;;;1;;;1
E116 - DIABETES MELLITUS NO INSULINODEPENDIENTE CON OTRAS COMPLICACIONES ESPECIFICADAS;7;8;;4;3;;3;5;;8
E117 - DIABETES MELLITUS NO INSULINODEPENDIENTE CON COMPLICACIONES MULTIPLES;;3;;1;1;;1;;;1
E118 - DIABETES MELLITUS NO INSULINODEPENDIENTE CON COMPLICACIONES NO ESPECIFICADAS;5;5;;8;4;;7;4;;11
E119 - DIABETES MELLITUS NO INSULINODEPENDIENTE SIN MENCION DE COMPLICACION;141;73;;241;123;;165;92;;257
E121 - DIABETES MELLITUS ASOCIADA CON DESNUTRICION CON CETOACIDOSIS;;;;;;;;1;;1
E122 - DIABETES MELLITUS ASOCIADA CON DESNUTRICION CON COMPLICACIONES RENALES;1;;;;;;;;;
E123 - DIABETES MELLITUS ASOCIADA CON DESNUTRICION CON COMPLICACIONES OFTALMICAS;;1;;;;;;;;
E124 - DIABETES MELLITUS ASOCIADA CON DESNUTRICION CON COMPLICACIONES NEUROLOGICAS;;;;;;;;;;
E126 - DIABETES MELLITUS ASOCIADA CON DESNUTRICION CON OTRAS COMPLICACIONES ESPECIFICADAS;1;;;;;;;;;
E127 - DIABETES MELLITUS ASOCIADA CON DESNUTRICION CON COMPLICACIONES MULTIPLES;;;;;;;;;;
E128 - DIABETES MELLITUS ASOCIADA CON DESNUTRICION CON COMPLICACIONES NO ESPECIFICADAS;;;;;;;;;;
E129 - DIABETES MELLITUS ASOCIADA CON DESNUTRICION SIN MENCION DE COMPLICACION;;;;2;1;;;;;
E131 - OTRAS DIABETES MELLITUS ESPECIFICADAS CON CETOACIDOSIS;1;;;;;;1;;;1
E132 - OTRAS DIABETES MELLITUS ESPECIFICADAS CON COMPLICACIONES RENALES;;;;1;;;;;;
E133 - OTRAS DIABETES MELLITUS ESPECIFICADAS CON COMPLICACIONES OFTALMICAS;;;;1;;;;;;
E134 - OTRAS DIABETES MELLITUS ESPECIFICADAS CON COMPLICACIONES NEUROLOGICAS;;;;1;;;;;;
E135 - OTRAS DIABETES MELLITUS ESPECIFICADAS CON COMPLICACIONES CIRCULATORIAS PERIFERICAS;;1;;;;;;;;
E136 - OTRAS DIABETES MELLITUS ESPECIFICADAS CON OTRAS COMPLICACIONES ESPECIFICADAS;;;;1;1;;;1;;1
E137 - OTRAS DIABETES MELLITUS ESPECIFICADAS CON COMPLICACIONES MULTIPLES;;;;;;;;;;
E138 - OTRAS DIABETES MELLITUS ESPECIFICADAS CON COMPLICACIONES NO ESPECIFICADAS;1;;;1;;;;;;
E139 - OTRAS DIABETES MELLITUS ESPECIFICADAS SIN MENCION DE COMPLICACION;11;6;;22;14;;8;6;;14
E140 - DIABETES MELLITUS, NO ESPECIFICADA CON COMA;;1;;;;;;;;
E141 - DIABETES MELLITUS, NO ESPECIFICADA CON CETOACIDOSIS;1;;;1;1;;;;;
E142 - DIABETES MELLITUS, NO ESPECIFICADA CON COMPLICACIONES RENALES;;;;;2;;;;;
E143 - DIABETES MELLITUS, NO ESPECIFICADA CON COMPLICACIONES OFTALMICAS;;1;;;1;;;1;;1
E144 - DIABETES MELLITUS, NO ESPECIFICADA CON COMPLICACIONES NEUROLOGICAS;;;;;;;;;;
E145 - DIABETES MELLITUS, NO ESPECIFICADA CON COMPLICACIONES CIRCULATORIAS PERIFERICAS;;;;;;;;;;
E146 - DIABETES MELLITUS, NO ESPECIFICADA CON OTRAS COMPLICACIONES ESPECIFICADAS;;;;;1;;1;2;;3
E147 - DIABETES MELLITUS, NO ESPECIFICADA CON COMPLICACIONES MULTIPLES;;;;;1;;;;;
E148 - DIABETES MELLITUS, NO ESPECIFICADA CON COMPLICACIONES NO ESPECIFICADAS;2;2;;;;;1;;;1
E149 - DIABETES MELLITUS, NO ESPECIFICADA SIN MENCION DE COMPLICACION;12;9;;19;17;;15;11;;26
17442 - Marmato;81;32;;123;47;;98;59;;157
E101 - DIABETES MELLITUS INSULINODEPENDIENTE CON CETOACIDOSIS;2;;;1;;;1;2;;3
E102 - DIABETES MELLITUS INSULINODEPENDIENTE CON COMPLICACIONES RENALES;;1;;1;;;;;;
E103 - DIABETES MELLITUS INSULINODEPENDIENTE CON COMPLICACIONES OFTALMICAS;;;;1;1;;;;;
E104 - DIABETES MELLITUS INSULINODEPENDIENTE CON COMPLICACIONES NEUROLOGICAS;;;;;;;1;;;1
E105 - DIABETES MELLITUS INSULINODEPENDIENTE CON COMPLICACIONES CIRCULATORIAS PERIFERICAS;1;;;;3;;2;;;2
E106 - DIABETES MELLITUS INSULINODEPENDIENTE CON OTRAS COMPLICACIONES ESPECIFICADAS;;1;;3;;;1;2;;3
E107 - DIABETES MELLITUS INSULINODEPENDIENTE CON COMPLICACIONES MULTIPLES;;1;;3;;;;1;;1
E108 - DIABETES MELLITUS INSULINODEPENDIENTE CON COMPLICACIONES NO ESPECIFICADAS;4;1;;4;;;8;5;;13
E109 - DIABETES MELLITUS INSULINODEPENDIENTE SIN MENCION DE COMPLICACION;35;12;;40;9;;33;20;;53
E110 - DIABETES MELLITUS NO INSULINODEPENDIENTE CON COMA;;;;;;;;;;
E111 - DIABETES MELLITUS NO INSULINODEPENDIENTE CON CETOACIDOSIS;;;;;1;;;;;
E112 - DIABETES MELLITUS NO INSULINODEPENDIENTE CON COMPLICACIONES RENALES;;;;;;;;1;;1
E113 - DIABETES MELLITUS NO INSULINODEPENDIENTE CON COMPLICACIONES OFTALMICAS;;1;;;;;;;;
E114 - DIABETES MELLITUS NO INSULINODEPENDIENTE CON COMPLICACIONES NEUROLOGICAS;;;;;;;;;;
E115 - DIABETES MELLITUS NO INSULINODEPENDIENTE CON COMPLICACIONES CIRCULATORIAS PERIFERICAS;;1;;;2;;;1;;1
E116 - DIABETES MELLITUS NO INSULINODEPENDIENTE CON OTRAS COMPLICACIONES ESPECIFICADAS;1;1;;4;;;4;1;;5
E117 - DIABETES MELLITUS NO INSULINODEPENDIENTE CON COMPLICACIONES MULTIPLES;;;;1;;;;;;
E118 - DIABETES MELLITUS NO INSULINODEPENDIENTE CON COMPLICACIONES NO ESPECIFICADAS;2;;;3;1;;;;;
E119 - DIABETES MELLITUS NO INSULINODEPENDIENTE SIN MENCION DE COMPLICACION;50;24;;86;34;;76;38;;114
E122 - DIABETES MELLITUS ASOCIADA CON DESNUTRICION CON COMPLICACIONES RENALES;1;;;;;;;;;
E125 - DIABETES MELLITUS ASOCIADA CON DESNUTRICION CON COMPLICACIONES CIRCULATORIAS PERIFERICAS;;;;;;;;;;
E128 - DIABETES MELLITUS ASOCIADA CON DESNUTRICION CON COMPLICACIONES NO ESPECIFICADAS;;;;;;;;1;;1
E133 - OTRAS DIABETES MELLITUS ESPECIFICADAS CON COMPLICACIONES OFTALMICAS;1;;;;;;;;;
E134 - OTRAS DIABETES MELLITUS ESPECIFICADAS CON COMPLICACIONES NEUROLOGICAS;;;;1;1;;;;;
E135 - OTRAS DIABETES MELLITUS ESPECIFICADAS CON COMPLICACIONES CIRCULATORIAS PERIFERICAS;;;;;;;;;;
E136 - OTRAS DIABETES MELLITUS ESPECIFICADAS CON OTRAS COMPLICACIONES ESPECIFICADAS;;;;;1;;;;;
E138 - OTRAS DIABETES MELLITUS ESPECIFICADAS CON COMPLICACIONES NO ESPECIFICADAS;1;;;;;;;;;
E139 - OTRAS DIABETES MELLITUS ESPECIFICADAS SIN MENCION DE COMPLICACION;8;3;;5;2;;;1;;1
E141 - DIABETES MELLITUS, NO ESPECIFICADA CON CETOACIDOSIS;;;;1;;;;;;
E143 - DIABETES MELLITUS, NO ESPECIFICADA CON COMPLICACIONES OFTALMICAS;1;;;1;;;;1;;1
E145 - DIABETES MELLITUS, NO ESPECIFICADA CON COMPLICACIONES CIRCULATORIAS PERIFERICAS;;;;;;;1;;;1
E146 - DIABETES MELLITUS, NO ESPECIFICADA CON OTRAS COMPLICACIONES ESPECIFICADAS;;;;;;;;;;
E147 - DIABETES MELLITUS, NO ESPECIFICADA CON COMPLICACIONES MULTIPLES;1;;;;;;;;;
E148 - DIABETES MELLITUS, NO ESPECIFICADA CON COMPLICACIONES NO ESPECIFICADAS;1;;;;1;;1;;;1
E149 - DIABETES MELLITUS, NO ESPECIFICADA SIN MENCION DE COMPLICACION;4;;;5;4;;1;4;;5
17444 - Marquetalia;158;67;;217;77;;144;60;;204
E101 - DIABETES MELLITUS INSULINODEPENDIENTE CON CETOACIDOSIS;;1;;1;;;;1;;1
E102 - DIABETES MELLITUS INSULINODEPENDIENTE CON COMPLICACIONES RENALES;;2;;;3;;;2;;2
E103 - DIABETES MELLITUS INSULINODEPENDIENTE CON COMPLICACIONES OFTALMICAS;;1;;1;2;;3;;;3
E104 - DIABETES MELLITUS INSULINODEPENDIENTE CON COMPLICACIONES NEUROLOGICAS;;;;1;1;;;;;
E105 - DIABETES MELLITUS INSULINODEPENDIENTE CON COMPLICACIONES CIRCULATORIAS PERIFERICAS;1;;;;;;2;;;2
E106 - DIABETES MELLITUS INSULINODEPENDIENTE CON OTRAS COMPLICACIONES ESPECIFICADAS;1;;;2;1;;4;1;;5
E107 - DIABETES MELLITUS INSULINODEPENDIENTE CON COMPLICACIONES MULTIPLES;;;;1;2;;11;6;;17
E108 - DIABETES MELLITUS INSULINODEPENDIENTE CON COMPLICACIONES NO ESPECIFICADAS;2;2;;3;;;2;;;2
E109 - DIABETES MELLITUS INSULINODEPENDIENTE SIN MENCION DE COMPLICACION;35;14;;51;24;;54;21;;75
E110 - DIABETES MELLITUS NO INSULINODEPENDIENTE CON COMA;;1;;;;;;;;
E111 - DIABETES MELLITUS NO INSULINODEPENDIENTE CON CETOACIDOSIS;1;;;;;;1;;;1
E112 - DIABETES MELLITUS NO INSULINODEPENDIENTE CON COMPLICACIONES RENALES;;;;2;;;1;1;;2
E113 - DIABETES MELLITUS NO INSULINODEPENDIENTE CON COMPLICACIONES OFTALMICAS;;;;;;;1;1;;2
E114 - DIABETES MELLITUS NO INSULINODEPENDIENTE CON COMPLICACIONES NEUROLOGICAS;;;;;;;;1;;1
E115 - DIABETES MELLITUS NO INSULINODEPENDIENTE CON COMPLICACIONES CIRCULATORIAS PERIFERICAS;;1;;1;;;;;;
E116 - DIABETES MELLITUS NO INSULINODEPENDIENTE CON OTRAS COMPLICACIONES ESPECIFICADAS;;1;;8;;;1;1;;2
E117 - DIABETES MELLITUS NO INSULINODEPENDIENTE CON COMPLICACIONES MULTIPLES;;;;;;;;1;;1
E118 - DIABETES MELLITUS NO INSULINODEPENDIENTE CON COMPLICACIONES NO ESPECIFICADAS;1;1;;1;1;;4;1;;5
E119 - DIABETES MELLITUS NO INSULINODEPENDIENTE SIN MENCION DE COMPLICACION;113;49;;181;58;;92;36;;128
E120 - DIABETES MELLITUS ASOCIADA CON DESNUTRICION CON COMA;;;;1;;;;;;
E121 - DIABETES MELLITUS ASOCIADA CON DESNUTRICION CON CETOACIDOSIS;1;;;;;;;;;
E123 - DIABETES MELLITUS ASOCIADA CON DESNUTRICION CON COMPLICACIONES OFTALMICAS;;;;;;;;;;
E125 - DIABETES MELLITUS ASOCIADA CON DESNUTRICION CON COMPLICACIONES CIRCULATORIAS PERIFERICAS;;;;;;;;;;
E128 - DIABETES MELLITUS ASOCIADA CON DESNUTRICION CON COMPLICACIONES NO ESPECIFICADAS;;;;;;;;;;
E135 - OTRAS DIABETES MELLITUS ESPECIFICADAS CON COMPLICACIONES CIRCULATORIAS PERIFERICAS;;;;;;;;;;
E136 - OTRAS DIABETES MELLITUS ESPECIFICADAS CON OTRAS COMPLICACIONES ESPECIFICADAS;;;;;;;;;;
E139 - OTRAS DIABETES MELLITUS ESPECIFICADAS SIN MENCION DE COMPLICACION;12;3;;6;;;;;;
E141 - DIABETES MELLITUS, NO ESPECIFICADA CON CETOACIDOSIS;1;;;1;1;;;;;
E142 - DIABETES MELLITUS, NO ESPECIFICADA CON COMPLICACIONES RENALES;;;;;;;;;;
E143 - DIABETES MELLITUS, NO ESPECIFICADA CON COMPLICACIONES OFTALMICAS;;2;;;1;;1;1;;2
E144 - DIABETES MELLITUS, NO ESPECIFICADA CON COMPLICACIONES NEUROLOGICAS;;;;;;;;;;
E146 - DIABETES MELLITUS, NO ESPECIFICADA CON OTRAS COMPLICACIONES ESPECIFICADAS;1;;;;;;;;;
E147 - DIABETES MELLITUS, NO ESPECIFICADA CON COMPLICACIONES MULTIPLES;;;;1;;;;1;;1
E148 - DIABETES MELLITUS, NO ESPECIFICADA CON COMPLICACIONES NO ESPECIFICADAS;23;11;;;1;;;1;;1
E149 - DIABETES MELLITUS, NO ESPECIFICADA SIN MENCION DE COMPLICACION;19;3;;3;4;;5;2;;7
17446 - Marulanda;15;8;;23;6;;24;7;;31
E100 - DIABETES MELLITUS INSULINODEPENDIENTE CON COMA;;;;;;;1;;;1
E104 - DIABETES MELLITUS INSULINODEPENDIENTE CON COMPLICACIONES NEUROLOGICAS;;1;;2;1;;1;;;1
E105 - DIABETES MELLITUS INSULINODEPENDIENTE CON COMPLICACIONES CIRCULATORIAS PERIFERICAS;;;;;;;;;;
E106 - DIABETES MELLITUS INSULINODEPENDIENTE CON OTRAS COMPLICACIONES ESPECIFICADAS;1;1;;;;;;;;
E107 - DIABETES MELLITUS INSULINODEPENDIENTE CON COMPLICACIONES MULTIPLES;;;;1;;;1;1;;2
E108 - DIABETES MELLITUS INSULINODEPENDIENTE CON COMPLICACIONES NO ESPECIFICADAS;;;;1;;;1;1;;2
E109 - DIABETES MELLITUS INSULINODEPENDIENTE SIN MENCION DE COMPLICACION;2;3;;3;;;5;1;;6
E110 - DIABETES MELLITUS NO INSULINODEPENDIENTE CON COMA;;;;;;;4;;;4
E111 - DIABETES MELLITUS NO INSULINODEPENDIENTE CON CETOACIDOSIS;;;;1;;;;;;
E114 - DIABETES MELLITUS NO INSULINODEPENDIENTE CON COMPLICACIONES NEUROLOGICAS;;;;1;;;;;;
E116 - DIABETES MELLITUS NO INSULINODEPENDIENTE CON OTRAS COMPLICACIONES ESPECIFICADAS;;;;1;;;1;;;1
E117 - DIABETES MELLITUS NO INSULINODEPENDIENTE CON COMPLICACIONES MULTIPLES;;;;;;;1;;;1
E118 - DIABETES MELLITUS NO INSULINODEPENDIENTE CON COMPLICACIONES NO ESPECIFICADAS;;;;;;;1;;;1
E119 - DIABETES MELLITUS NO INSULINODEPENDIENTE SIN MENCION DE COMPLICACION;8;3;;13;3;;14;6;;20
E121 - DIABETES MELLITUS ASOCIADA CON DESNUTRICION CON CETOACIDOSIS;;;;1;;;;;;
E129 - DIABETES MELLITUS ASOCIADA CON DESNUTRICION SIN MENCION DE COMPLICACION;;;;;;;1;;;1
E135 - OTRAS DIABETES MELLITUS ESPECIFICADAS CON COMPLICACIONES CIRCULATORIAS PERIFERICAS;;;;;;;;;;
E138 - OTRAS DIABETES MELLITUS ESPECIFICADAS CON COMPLICACIONES NO ESPECIFICADAS;;;;;;;;;;
E139 - OTRAS DIABETES MELLITUS ESPECIFICADAS SIN MENCION DE COMPLICACION;;;;2;;;;;;
E140 - DIABETES MELLITUS, NO ESPECIFICADA CON COMA;;;;1;;;;;;
E141 - DIABETES MELLITUS, NO ESPECIFICADA CON CETOACIDOSIS;;;;;;;;;;
E143 - DIABETES MELLITUS, NO ESPECIFICADA CON COMPLICACIONES OFTALMICAS;;;;;;;;;;
E147 - DIABETES MELLITUS, NO ESPECIFICADA CON COMPLICACIONES MULTIPLES;3;2;;3;;;2;1;;3
E149 - DIABETES MELLITUS, NO ESPECIFICADA SIN MENCION DE COMPLICACION;6;4;;8;4;;5;1;;6
17486 - Neira;270;174;;295;198;;261;193;;454
E100 - DIABETES MELLITUS INSULINODEPENDIENTE CON COMA;1;;;;;;;;;
E101 - DIABETES MELLITUS INSULINODEPENDIENTE CON CETOACIDOSIS;2;;;4;;;3;1;;4
E102 - DIABETES MELLITUS INSULINODEPENDIENTE CON COMPLICACIONES RENALES;2;;;1;1;;6;6;;12
E103 - DIABETES MELLITUS INSULINODEPENDIENTE CON COMPLICACIONES OFTALMICAS;;;;;1;;;;;
E104 - DIABETES MELLITUS INSULINODEPENDIENTE CON COMPLICACIONES NEUROLOGICAS;2;1;;1;1;;3;1;;4
E105 - DIABETES MELLITUS INSULINODEPENDIENTE CON COMPLICACIONES CIRCULATORIAS PERIFERICAS;3;1;;2;1;;1;2;;3
E106 - DIABETES MELLITUS INSULINODEPENDIENTE CON OTRAS COMPLICACIONES ESPECIFICADAS;13;3;;10;4;;6;3;;9
E107 - DIABETES MELLITUS INSULINODEPENDIENTE CON COMPLICACIONES MULTIPLES;2;;;5;1;;2;;;2
E108 - DIABETES MELLITUS INSULINODEPENDIENTE CON COMPLICACIONES NO ESPECIFICADAS;5;;;23;1;;6;6;;12
E109 - DIABETES MELLITUS INSULINODEPENDIENTE SIN MENCION DE COMPLICACION;90;59;;90;53;;58;38;;96
E110 - DIABETES MELLITUS NO INSULINODEPENDIENTE CON COMA;;;;;;;1;1;;2
E111 - DIABETES MELLITUS NO INSULINODEPENDIENTE CON CETOACIDOSIS;1;1;;1;;;2;;;2
E112 - DIABETES MELLITUS NO INSULINODEPENDIENTE CON COMPLICACIONES RENALES;1;;;3;3;;4;13;;17
E113 - DIABETES MELLITUS NO INSULINODEPENDIENTE CON COMPLICACIONES OFTALMICAS;;;;;;;;;;
E114 - DIABETES MELLITUS NO INSULINODEPENDIENTE CON COMPLICACIONES NEUROLOGICAS;;;;;2;;1;1;;2
E115 - DIABETES MELLITUS NO INSULINODEPENDIENTE CON COMPLICACIONES CIRCULATORIAS PERIFERICAS;1;2;;1;1;;;;;
E116 - DIABETES MELLITUS NO INSULINODEPENDIENTE CON OTRAS COMPLICACIONES ESPECIFICADAS;3;3;;4;2;;4;2;;6
E117 - DIABETES MELLITUS NO INSULINODEPENDIENTE CON COMPLICACIONES MULTIPLES;;;;;;;;;;
E118 - DIABETES MELLITUS NO INSULINODEPENDIENTE CON COMPLICACIONES NO ESPECIFICADAS;2;1;;3;2;;;2;;2
E119 - DIABETES MELLITUS NO INSULINODEPENDIENTE SIN MENCION DE COMPLICACION;194;117;;219;143;;201;146;;347
E120 - DIABETES MELLITUS ASOCIADA CON DESNUTRICION CON COMA;;;;1;;;;1;;1
E121 - DIABETES MELLITUS ASOCIADA CON DESNUTRICION CON CETOACIDOSIS;;;;;1;;;;;
E123 - DIABETES MELLITUS ASOCIADA CON DESNUTRICION CON COMPLICACIONES OFTALMICAS;1;;;;;;;;;
E125 - DIABETES MELLITUS ASOCIADA CON DESNUTRICION CON COMPLICACIONES CIRCULATORIAS PERIFERICAS;;;;;;;;1;;1
E126 - DIABETES MELLITUS ASOCIADA CON DESNUTRICION CON OTRAS COMPLICACIONES ESPECIFICADAS;;1;;1;;;;;;
E127 - DIABETES MELLITUS ASOCIADA CON DESNUTRICION CON COMPLICACIONES MULTIPLES;;;;;;;;;;
E128 - DIABETES MELLITUS ASOCIADA CON DESNUTRICION CON COMPLICACIONES NO ESPECIFICADAS;;;;;;;;;;
E129 - DIABETES MELLITUS ASOCIADA CON DESNUTRICION SIN MENCION DE COMPLICACION;1;;;;;;1;;;1
E131 - OTRAS DIABETES MELLITUS ESPECIFICADAS CON CETOACIDOSIS;;1;;;;;;1;;1
E134 - OTRAS DIABETES MELLITUS ESPECIFICADAS CON COMPLICACIONES NEUROLOGICAS;;;;;1;;;;;
E138 - OTRAS DIABETES MELLITUS ESPECIFICADAS CON COMPLICACIONES NO ESPECIFICADAS;;;;;;;1;;;1
E139 - OTRAS DIABETES MELLITUS ESPECIFICADAS SIN MENCION DE COMPLICACION;9;2;;1;2;;5;3;;8
E140 - DIABETES MELLITUS, NO ESPECIFICADA CON COMA;;;;;3;;;;;
E141 - DIABETES MELLITUS, NO ESPECIFICADA CON CETOACIDOSIS;;1;;;;;1;;;1
E142 - DIABETES MELLITUS, NO ESPECIFICADA CON COMPLICACIONES RENALES;;1;;;1;;;1;;1
E143 - DIABETES MELLITUS, NO ESPECIFICADA CON COMPLICACIONES OFTALMICAS;3;;;2;;;;;;
E144 - DIABETES MELLITUS, NO ESPECIFICADA CON COMPLICACIONES NEUROLOGICAS;;1;;;2;;;;;
E145 - DIABETES MELLITUS, NO ESPECIFICADA CON COMPLICACIONES CIRCULATORIAS PERIFERICAS;;;;;;;;1;;1
E146 - DIABETES MELLITUS, NO ESPECIFICADA CON OTRAS COMPLICACIONES ESPECIFICADAS;;;;1;;;;;;
E147 - DIABETES MELLITUS, NO ESPECIFICADA CON COMPLICACIONES MULTIPLES;;;;;;;;;;
E148 - DIABETES MELLITUS, NO ESPECIFICADA CON COMPLICACIONES NO ESPECIFICADAS;19;11;;2;1;;;;;
E149 - DIABETES MELLITUS, NO ESPECIFICADA SIN MENCION DE COMPLICACION;20;15;;14;7;;7;6;;13
17495 - Norcasia;44;28;;43;35;;62;38;;100
E101 - DIABETES MELLITUS INSULINODEPENDIENTE CON CETOACIDOSIS;;;;2;1;;;1;;1
E102 - DIABETES MELLITUS INSULINODEPENDIENTE CON COMPLICACIONES RENALES;1;;;;;;1;;;1
E103 - DIABETES MELLITUS INSULINODEPENDIENTE CON COMPLICACIONES OFTALMICAS;;1;;;;;;;;
E104 - DIABETES MELLITUS INSULINODEPENDIENTE CON COMPLICACIONES NEUROLOGICAS;1;1;;1;1;;1;1;;2
E105 - DIABETES MELLITUS INSULINODEPENDIENTE CON COMPLICACIONES CIRCULATORIAS PERIFERICAS;;1;;;1;;;;;
E106 - DIABETES MELLITUS INSULINODEPENDIENTE CON OTRAS COMPLICACIONES ESPECIFICADAS;;1;;;1;;1;2;;3
E107 - DIABETES MELLITUS INSULINODEPENDIENTE CON COMPLICACIONES MULTIPLES;;;;;1;;1;1;;2
E108 - DIABETES MELLITUS INSULINODEPENDIENTE CON COMPLICACIONES NO ESPECIFICADAS;2;1;;1;1;;3;2;;5
E109 - DIABETES MELLITUS INSULINODEPENDIENTE SIN MENCION DE COMPLICACION;11;6;;22;14;;22;14;;36
E110 - DIABETES MELLITUS NO INSULINODEPENDIENTE CON COMA;;;;;;;;;;
E111 - DIABETES MELLITUS NO INSULINODEPENDIENTE CON CETOACIDOSIS;;1;;;1;;1;;;1
E112 - DIABETES MELLITUS NO INSULINODEPENDIENTE CON COMPLICACIONES RENALES;;;;;;;1;1;;2
E113 - DIABETES MELLITUS NO INSULINODEPENDIENTE CON COMPLICACIONES OFTALMICAS;;1;;;;;;;;
E114 - DIABETES MELLITUS NO INSULINODEPENDIENTE CON COMPLICACIONES NEUROLOGICAS;1;1;;;2;;;1;;1
E115 - DIABETES MELLITUS NO INSULINODEPENDIENTE CON COMPLICACIONES CIRCULATORIAS PERIFERICAS;;;;;1;;;;;
E116 - DIABETES MELLITUS NO INSULINODEPENDIENTE CON OTRAS COMPLICACIONES ESPECIFICADAS;;1;;2;;;;3;;3
E117 - DIABETES MELLITUS NO INSULINODEPENDIENTE CON COMPLICACIONES MULTIPLES;;;;;;;;;;
E118 - DIABETES MELLITUS NO INSULINODEPENDIENTE CON COMPLICACIONES NO ESPECIFICADAS;;;;2;;;5;3;;8
E119 - DIABETES MELLITUS NO INSULINODEPENDIENTE SIN MENCION DE COMPLICACION;32;22;;33;25;;49;28;;77
E124 - DIABETES MELLITUS ASOCIADA CON DESNUTRICION CON COMPLICACIONES NEUROLOGICAS;;;;;;;;;;
E125 - DIABETES MELLITUS ASOCIADA CON DESNUTRICION CON COMPLICACIONES CIRCULATORIAS PERIFERICAS;;;;1;;;;;;
E131 - OTRAS DIABETES MELLITUS ESPECIFICADAS CON CETOACIDOSIS;;;;;;;;;;
E132 - OTRAS DIABETES MELLITUS ESPECIFICADAS CON COMPLICACIONES RENALES;;;;;;;;;;
E136 - OTRAS DIABETES MELLITUS ESPECIFICADAS CON OTRAS COMPLICACIONES ESPECIFICADAS;;1;;;;;;;;
E139 - OTRAS DIABETES MELLITUS ESPECIFICADAS SIN MENCION DE COMPLICACION;1;1;;1;;;2;;;2
E141 - DIABETES MELLITUS, NO ESPECIFICADA CON CETOACIDOSIS;;;;;;;;;;
E143 - DIABETES MELLITUS, NO ESPECIFICADA CON COMPLICACIONES OFTALMICAS;;;;;;;;;;
E148 - DIABETES MELLITUS, NO ESPECIFICADA CON COMPLICACIONES NO ESPECIFICADAS;3;;;;;;;;;
E149 - DIABETES MELLITUS, NO ESPECIFICADA SIN MENCION DE COMPLICACION;7;6;;4;1;;;;;
17513 - Pácora;98;39;;108;45;;84;40;;124
E101 - DIABETES MELLITUS INSULINODEPENDIENTE CON CETOACIDOSIS;1;1;;;;;;;;
E102 - DIABETES MELLITUS INSULINODEPENDIENTE CON COMPLICACIONES RENALES;;1;;;;;;;;
E103 - DIABETES MELLITUS INSULINODEPENDIENTE CON COMPLICACIONES OFTALMICAS;;1;;;;;;;;
E104 - DIABETES MELLITUS INSULINODEPENDIENTE CON COMPLICACIONES NEUROLOGICAS;1;;;1;;;1;;;1
E105 - DIABETES MELLITUS INSULINODEPENDIENTE CON COMPLICACIONES CIRCULATORIAS PERIFERICAS;;;;1;1;;;;;
E106 - DIABETES MELLITUS INSULINODEPENDIENTE CON OTRAS COMPLICACIONES ESPECIFICADAS;1;1;;4;1;;5;3;;8
E107 - DIABETES MELLITUS INSULINODEPENDIENTE CON COMPLICACIONES MULTIPLES;2;;;;2;;;;;
E108 - DIABETES MELLITUS INSULINODEPENDIENTE CON COMPLICACIONES NO ESPECIFICADAS;3;;;3;;;3;1;;4
E109 - DIABETES MELLITUS INSULINODEPENDIENTE SIN MENCION DE COMPLICACION;41;14;;40;17;;37;12;;49
E110 - DIABETES MELLITUS NO INSULINODEPENDIENTE CON COMA;;;;;;;;;;
E111 - DIABETES MELLITUS NO INSULINODEPENDIENTE CON CETOACIDOSIS;;;;1;;;;;;
E112 - DIABETES MELLITUS NO INSULINODEPENDIENTE CON COMPLICACIONES RENALES;;;;1;;;1;;;1
E114 - DIABETES MELLITUS NO INSULINODEPENDIENTE CON COMPLICACIONES NEUROLOGICAS;1;;;;;;;;;
E115 - DIABETES MELLITUS NO INSULINODEPENDIENTE CON COMPLICACIONES CIRCULATORIAS PERIFERICAS;3;1;;;1;;;;;
E116 - DIABETES MELLITUS NO INSULINODEPENDIENTE CON OTRAS COMPLICACIONES ESPECIFICADAS;;;;2;1;;2;;;2
E117 - DIABETES MELLITUS NO INSULINODEPENDIENTE CON COMPLICACIONES MULTIPLES;;;;1;;;1;;;1
E118 - DIABETES MELLITUS NO INSULINODEPENDIENTE CON COMPLICACIONES NO ESPECIFICADAS;1;1;;3;1;;1;1;;2
E119 - DIABETES MELLITUS NO INSULINODEPENDIENTE SIN MENCION DE COMPLICACION;57;22;;67;26;;43;30;;73
E123 - DIABETES MELLITUS ASOCIADA CON DESNUTRICION CON COMPLICACIONES OFTALMICAS;1;;;;;;;;;
E131 - OTRAS DIABETES MELLITUS ESPECIFICADAS CON CETOACIDOSIS;;;;;;;;;;
E138 - OTRAS DIABETES MELLITUS ESPECIFICADAS CON COMPLICACIONES NO ESPECIFICADAS;;;;;;;;;;
E139 - OTRAS DIABETES MELLITUS ESPECIFICADAS SIN MENCION DE COMPLICACION;3;;;2;1;;;;;
E141 - DIABETES MELLITUS, NO ESPECIFICADA CON CETOACIDOSIS;;;;;1;;;;;
E143 - DIABETES MELLITUS, NO ESPECIFICADA CON COMPLICACIONES OFTALMICAS;;;;1;;;1;;;1
E144 - DIABETES MELLITUS, NO ESPECIFICADA CON COMPLICACIONES NEUROLOGICAS;;1;;;;;;;;
E146 - DIABETES MELLITUS, NO ESPECIFICADA CON OTRAS COMPLICACIONES ESPECIFICADAS;;;;;1;;1;;;1
E148 - DIABETES MELLITUS, NO ESPECIFICADA CON COMPLICACIONES NO ESPECIFICADAS;;1;;;;;;;;
E149 - DIABETES MELLITUS, NO ESPECIFICADA SIN MENCION DE COMPLICACION;1;;;1;1;;3;;;3
17524 - Palestina;172;90;;195;116;;171;105;;276
E101 - DIABETES MELLITUS INSULINODEPENDIENTE CON CETOACIDOSIS;2;2;;;1;;;;;
E102 - DIABETES MELLITUS INSULINODEPENDIENTE CON COMPLICACIONES RENALES;2;;;3;;;3;;;3
E103 - DIABETES MELLITUS INSULINODEPENDIENTE CON COMPLICACIONES OFTALMICAS;1;;;;;;;;;
E105 - DIABETES MELLITUS INSULINODEPENDIENTE CON COMPLICACIONES CIRCULATORIAS PERIFERICAS;;;;3;1;;;;;
E106 - DIABETES MELLITUS INSULINODEPENDIENTE CON OTRAS COMPLICACIONES ESPECIFICADAS;4;7;;3;2;;9;2;;11
E107 - DIABETES MELLITUS INSULINODEPENDIENTE CON COMPLICACIONES MULTIPLES;5;;;2;1;;1;2;;3
E108 - DIABETES MELLITUS INSULINODEPENDIENTE CON COMPLICACIONES NO ESPECIFICADAS;3;2;;4;5;;2;6;;8
E109 - DIABETES MELLITUS INSULINODEPENDIENTE SIN MENCION DE COMPLICACION;47;31;;68;47;;51;34;;85
E110 - DIABETES MELLITUS NO INSULINODEPENDIENTE CON COMA;;;;;;;;;;
E111 - DIABETES MELLITUS NO INSULINODEPENDIENTE CON CETOACIDOSIS;1;;;;;;1;2;;3
E112 - DIABETES MELLITUS NO INSULINODEPENDIENTE CON COMPLICACIONES RENALES;;;;;;;;;;
E113 - DIABETES MELLITUS NO INSULINODEPENDIENTE CON COMPLICACIONES OFTALMICAS;;;;1;;;;;;
E114 - DIABETES MELLITUS NO INSULINODEPENDIENTE CON COMPLICACIONES NEUROLOGICAS;;1;;1;2;;;;;
E115 - DIABETES MELLITUS NO INSULINODEPENDIENTE CON COMPLICACIONES CIRCULATORIAS PERIFERICAS;1;;;1;1;;;;;
E116 - DIABETES MELLITUS NO INSULINODEPENDIENTE CON OTRAS COMPLICACIONES ESPECIFICADAS;4;3;;;;;2;1;;3
E117 - DIABETES MELLITUS NO INSULINODEPENDIENTE CON COMPLICACIONES MULTIPLES;4;1;;;;;;;;
E118 - DIABETES MELLITUS NO INSULINODEPENDIENTE CON COMPLICACIONES NO ESPECIFICADAS;2;;;1;;;4;1;;5
E119 - DIABETES MELLITUS NO INSULINODEPENDIENTE SIN MENCION DE COMPLICACION;80;33;;117;63;;119;78;;197
E122 - DIABETES MELLITUS ASOCIADA CON DESNUTRICION CON COMPLICACIONES RENALES;;;;;1;;;;;
E127 - DIABETES MELLITUS ASOCIADA CON DESNUTRICION CON COMPLICACIONES MULTIPLES;;;;;;;;;;
E128 - DIABETES MELLITUS ASOCIADA CON DESNUTRICION CON COMPLICACIONES NO ESPECIFICADAS;;;;;;;;;;
E129 - DIABETES MELLITUS ASOCIADA CON DESNUTRICION SIN MENCION DE COMPLICACION;;;;;;;1;;;1
E131 - OTRAS DIABETES MELLITUS ESPECIFICADAS CON CETOACIDOSIS;;;;;;;;1;;1
E136 - OTRAS DIABETES MELLITUS ESPECIFICADAS CON OTRAS COMPLICACIONES ESPECIFICADAS;2;1;;2;;;;;;
E139 - OTRAS DIABETES MELLITUS ESPECIFICADAS SIN MENCION DE COMPLICACION;20;7;;22;12;;7;2;;9
E141 - DIABETES MELLITUS, NO ESPECIFICADA CON CETOACIDOSIS;;;;;;;;1;;1
E142 - DIABETES MELLITUS, NO ESPECIFICADA CON COMPLICACIONES RENALES;1;;;;;;;;;
E143 - DIABETES MELLITUS, NO ESPECIFICADA CON COMPLICACIONES OFTALMICAS;5;4;;2;2;;3;;;3
E145 - DIABETES MELLITUS, NO ESPECIFICADA CON COMPLICACIONES CIRCULATORIAS PERIFERICAS;;;;;;;;;;
E146 - DIABETES MELLITUS, NO ESPECIFICADA CON OTRAS COMPLICACIONES ESPECIFICADAS;;;;1;;;;;;
E147 - DIABETES MELLITUS, NO ESPECIFICADA CON COMPLICACIONES MULTIPLES;;;;;;;;;;
E148 - DIABETES MELLITUS, NO ESPECIFICADA CON COMPLICACIONES NO ESPECIFICADAS;3;1;;1;1;;;2;;2
E149 - DIABETES MELLITUS, NO ESPECIFICADA SIN MENCION DE COMPLICACION;43;33;;31;20;;4;8;;12
17541 - Pensilvania;251;128;;339;151;;327;133;;460
E100 - DIABETES MELLITUS INSULINODEPENDIENTE CON COMA;;;;;;;1;;;1
E101 - DIABETES MELLITUS INSULINODEPENDIENTE CON CETOACIDOSIS;;3;;;1;;;1;;1
E102 - DIABETES MELLITUS INSULINODEPENDIENTE CON COMPLICACIONES RENALES;3;4;;4;3;;2;1;;3
E103 - DIABETES MELLITUS INSULINODEPENDIENTE CON COMPLICACIONES OFTALMICAS;;4;;;3;;;;;
E104 - DIABETES MELLITUS INSULINODEPENDIENTE CON COMPLICACIONES NEUROLOGICAS;2;1;;2;1;;2;2;;4
E105 - DIABETES MELLITUS INSULINODEPENDIENTE CON COMPLICACIONES CIRCULATORIAS PERIFERICAS;1;2;;;;;;2;;2
E106 - DIABETES MELLITUS INSULINODEPENDIENTE CON OTRAS COMPLICACIONES ESPECIFICADAS;4;3;;7;4;;4;1;;5
E107 - DIABETES MELLITUS INSULINODEPENDIENTE CON COMPLICACIONES MULTIPLES;1;2;;2;2;;1;1;;2
E108 - DIABETES MELLITUS INSULINODEPENDIENTE CON COMPLICACIONES NO ESPECIFICADAS;22;12;;41;25;;3;3;;6
E109 - DIABETES MELLITUS INSULINODEPENDIENTE SIN MENCION DE COMPLICACION;62;37;;82;49;;115;53;;168
E110 - DIABETES MELLITUS NO INSULINODEPENDIENTE CON COMA;;;;;;;;;;
E111 - DIABETES MELLITUS NO INSULINODEPENDIENTE CON CETOACIDOSIS;;;;1;;;;1;;1
E112 - DIABETES MELLITUS NO INSULINODEPENDIENTE CON COMPLICACIONES RENALES;;;;1;;;;;;
E113 - DIABETES MELLITUS NO INSULINODEPENDIENTE CON COMPLICACIONES OFTALMICAS;;;;;;;26;9;;35
E114 - DIABETES MELLITUS NO INSULINODEPENDIENTE CON COMPLICACIONES NEUROLOGICAS;;;;;;;2;;;2
E115 - DIABETES MELLITUS NO INSULINODEPENDIENTE CON COMPLICACIONES CIRCULATORIAS PERIFERICAS;;2;;;1;;;;;
E116 - DIABETES MELLITUS NO INSULINODEPENDIENTE CON OTRAS COMPLICACIONES ESPECIFICADAS;2;1;;4;3;;2;1;;3
E117 - DIABETES MELLITUS NO INSULINODEPENDIENTE CON COMPLICACIONES MULTIPLES;;;;;;;;1;;1
E118 - DIABETES MELLITUS NO INSULINODEPENDIENTE CON COMPLICACIONES NO ESPECIFICADAS;9;1;;19;2;;9;1;;10
E119 - DIABETES MELLITUS NO INSULINODEPENDIENTE SIN MENCION DE COMPLICACION;166;80;;244;99;;247;83;;330
E120 - DIABETES MELLITUS ASOCIADA CON DESNUTRICION CON COMA;;1;;;;;;;;
E121 - DIABETES MELLITUS ASOCIADA CON DESNUTRICION CON CETOACIDOSIS;;;;1;;;;;;
E122 - DIABETES MELLITUS ASOCIADA CON DESNUTRICION CON COMPLICACIONES RENALES;;;;1;;;1;;;1
E123 - DIABETES MELLITUS ASOCIADA CON DESNUTRICION CON COMPLICACIONES OFTALMICAS;;;;;;;;;;
E125 - DIABETES MELLITUS ASOCIADA CON DESNUTRICION CON COMPLICACIONES CIRCULATORIAS PERIFERICAS;;;;;;;;;;
E126 - DIABETES MELLITUS ASOCIADA CON DESNUTRICION CON OTRAS COMPLICACIONES ESPECIFICADAS;;;;1;;;;;;
E127 - DIABETES MELLITUS ASOCIADA CON DESNUTRICION CON COMPLICACIONES MULTIPLES;;;;;;;;;;
E129 - DIABETES MELLITUS ASOCIADA CON DESNUTRICION SIN MENCION DE COMPLICACION;;;;1;;;;;;
E130 - OTRAS DIABETES MELLITUS ESPECIFICADAS CON COMA;;;;;;;;;;
E136 - OTRAS DIABETES MELLITUS ESPECIFICADAS CON OTRAS COMPLICACIONES ESPECIFICADAS;1;;;1;;;1;;;1
E137 - OTRAS DIABETES MELLITUS ESPECIFICADAS CON COMPLICACIONES MULTIPLES;;;;1;;;;;;
E139 - OTRAS DIABETES MELLITUS ESPECIFICADAS SIN MENCION DE COMPLICACION;8;4;;8;7;;6;2;;8
E141 - DIABETES MELLITUS, NO ESPECIFICADA CON CETOACIDOSIS;;1;;;2;;;;;
E142 - DIABETES MELLITUS, NO ESPECIFICADA CON COMPLICACIONES RENALES;;;;1;;;;;;
E143 - DIABETES MELLITUS, NO ESPECIFICADA CON COMPLICACIONES OFTALMICAS;;;;;;;;1;;1
E145 - DIABETES MELLITUS, NO ESPECIFICADA CON COMPLICACIONES CIRCULATORIAS PERIFERICAS;;;;;;;;;;
E146 - DIABETES MELLITUS, NO ESPECIFICADA CON OTRAS COMPLICACIONES ESPECIFICADAS;;;;1;;;1;;;1
E147 - DIABETES MELLITUS, NO ESPECIFICADA CON COMPLICACIONES MULTIPLES;1;;;;;;;;;
E148 - DIABETES MELLITUS, NO ESPECIFICADA CON COMPLICACIONES NO ESPECIFICADAS;;;;1;;;1;;;1
E149 - DIABETES MELLITUS, NO ESPECIFICADA SIN MENCION DE COMPLICACION;39;20;;40;14;;23;5;;28
17614 - Riosucio;324;186;;955;438;;903;426;;1.329
E100 - DIABETES MELLITUS INSULINODEPENDIENTE CON COMA;;;;;;;;;;
E101 - DIABETES MELLITUS INSULINODEPENDIENTE CON CETOACIDOSIS;3;;;1;2;;1;3;;4
E102 - DIABETES MELLITUS INSULINODEPENDIENTE CON COMPLICACIONES RENALES;1;3;;1;;;1;;;1
E103 - DIABETES MELLITUS INSULINODEPENDIENTE CON COMPLICACIONES OFTALMICAS;;;;1;;;;;;
E104 - DIABETES MELLITUS INSULINODEPENDIENTE CON COMPLICACIONES NEUROLOGICAS;;;;1;2;;3;;;3
E105 - DIABETES MELLITUS INSULINODEPENDIENTE CON COMPLICACIONES CIRCULATORIAS PERIFERICAS;1;;;4;8;;4;4;;8
E106 - DIABETES MELLITUS INSULINODEPENDIENTE CON OTRAS COMPLICACIONES ESPECIFICADAS;5;5;;14;7;;9;9;;18
E107 - DIABETES MELLITUS INSULINODEPENDIENTE CON COMPLICACIONES MULTIPLES;2;1;;1;5;;2;4;;6
E108 - DIABETES MELLITUS INSULINODEPENDIENTE CON COMPLICACIONES NO ESPECIFICADAS;2;1;;4;3;;4;2;;6
E109 - DIABETES MELLITUS INSULINODEPENDIENTE SIN MENCION DE COMPLICACION;105;64;;305;134;;275;140;;415
E110 - DIABETES MELLITUS NO INSULINODEPENDIENTE CON COMA;3;1;;1;;;1;;;1
E111 - DIABETES MELLITUS NO INSULINODEPENDIENTE CON CETOACIDOSIS;;;;1;;;;;;
E112 - DIABETES MELLITUS NO INSULINODEPENDIENTE CON COMPLICACIONES RENALES;1;2;;2;3;;1;1;;2
E113 - DIABETES MELLITUS NO INSULINODEPENDIENTE CON COMPLICACIONES OFTALMICAS;;;;;;;1;;;1
E114 - DIABETES MELLITUS NO INSULINODEPENDIENTE CON COMPLICACIONES NEUROLOGICAS;;;;2;;;;;;
E115 - DIABETES MELLITUS NO INSULINODEPENDIENTE CON COMPLICACIONES CIRCULATORIAS PERIFERICAS;;;;1;3;;;;;
E116 - DIABETES MELLITUS NO INSULINODEPENDIENTE CON OTRAS COMPLICACIONES ESPECIFICADAS;3;2;;8;7;;3;2;;5
E117 - DIABETES MELLITUS NO INSULINODEPENDIENTE CON COMPLICACIONES MULTIPLES;;;;1;;;;;;
E118 - DIABETES MELLITUS NO INSULINODEPENDIENTE CON COMPLICACIONES NO ESPECIFICADAS;;;;4;1;;1;;;1
E119 - DIABETES MELLITUS NO INSULINODEPENDIENTE SIN MENCION DE COMPLICACION;247;133;;655;299;;662;301;;963
E121 - DIABETES MELLITUS ASOCIADA CON DESNUTRICION CON CETOACIDOSIS;;;;;;;;;;
E122 - DIABETES MELLITUS ASOCIADA CON DESNUTRICION CON COMPLICACIONES RENALES;;1;;;;;;;;
E125 - DIABETES MELLITUS ASOCIADA CON DESNUTRICION CON COMPLICACIONES CIRCULATORIAS PERIFERICAS;;;;;;;;;;
E126 - DIABETES MELLITUS ASOCIADA CON DESNUTRICION CON OTRAS COMPLICACIONES ESPECIFICADAS;;;;;;;;;;
E127 - DIABETES MELLITUS ASOCIADA CON DESNUTRICION CON COMPLICACIONES MULTIPLES;;;;;;;;;;
E128 - DIABETES MELLITUS ASOCIADA CON DESNUTRICION CON COMPLICACIONES NO ESPECIFICADAS;;;;;;;;;;
E129 - DIABETES MELLITUS ASOCIADA CON DESNUTRICION SIN MENCION DE COMPLICACION;;;;1;;;;;;
E131 - OTRAS DIABETES MELLITUS ESPECIFICADAS CON CETOACIDOSIS;;;;;;;;1;;1
E132 - OTRAS DIABETES MELLITUS ESPECIFICADAS CON COMPLICACIONES RENALES;1;;;8;4;;;;;
E134 - OTRAS DIABETES MELLITUS ESPECIFICADAS CON COMPLICACIONES NEUROLOGICAS;;;;4;1;;;;;
E135 - OTRAS DIABETES MELLITUS ESPECIFICADAS CON COMPLICACIONES CIRCULATORIAS PERIFERICAS;;;;1;1;;;;;
E136 - OTRAS DIABETES MELLITUS ESPECIFICADAS CON OTRAS COMPLICACIONES ESPECIFICADAS;;;;;;;1;;;1
E137 - OTRAS DIABETES MELLITUS ESPECIFICADAS CON COMPLICACIONES MULTIPLES;;1;;;;;;;;
E138 - OTRAS DIABETES MELLITUS ESPECIFICADAS CON COMPLICACIONES NO ESPECIFICADAS;;;;;1;;;;;
E139 - OTRAS DIABETES MELLITUS ESPECIFICADAS SIN MENCION DE COMPLICACION;11;7;;16;9;;6;2;;8
E140 - DIABETES MELLITUS, NO ESPECIFICADA CON COMA;;;;1;1;;;;;
E141 - DIABETES MELLITUS, NO ESPECIFICADA CON CETOACIDOSIS;;;;;1;;1;;;1
E142 - DIABETES MELLITUS, NO ESPECIFICADA CON COMPLICACIONES RENALES;;1;;;1;;;;;
E143 - DIABETES MELLITUS, NO ESPECIFICADA CON COMPLICACIONES OFTALMICAS;2;1;;1;1;;1;1;;2
E144 - DIABETES MELLITUS, NO ESPECIFICADA CON COMPLICACIONES NEUROLOGICAS;;;;;;;;;;
E145 - DIABETES MELLITUS, NO ESPECIFICADA CON COMPLICACIONES CIRCULATORIAS PERIFERICAS;1;;;4;1;;;;;
E146 - DIABETES MELLITUS, NO ESPECIFICADA CON OTRAS COMPLICACIONES ESPECIFICADAS;1;3;;1;1;;1;2;;3
E147 - DIABETES MELLITUS, NO ESPECIFICADA CON COMPLICACIONES MULTIPLES;;;;;2;;;;;
E148 - DIABETES MELLITUS, NO ESPECIFICADA CON COMPLICACIONES NO ESPECIFICADAS;29;24;;1;;;1;1;;2
E149 - DIABETES MELLITUS, NO ESPECIFICADA SIN MENCION DE COMPLICACION;22;17;;289;112;;104;39;;143
17616 - Risaralda;141;62;;131;71;;97;64;;161
E101 - DIABETES MELLITUS INSULINODEPENDIENTE CON CETOACIDOSIS;;;;;;;2;1;;3
E102 - DIABETES MELLITUS INSULINODEPENDIENTE CON COMPLICACIONES RENALES;3;;;;;;;;;
E103 - DIABETES MELLITUS INSULINODEPENDIENTE CON COMPLICACIONES OFTALMICAS;;;;;;;;;;
E104 - DIABETES MELLITUS INSULINODEPENDIENTE CON COMPLICACIONES NEUROLOGICAS;1;;;;;;;1;;1
E105 - DIABETES MELLITUS INSULINODEPENDIENTE CON COMPLICACIONES CIRCULATORIAS PERIFERICAS;4;3;;4;1;;2;1;;3
E106 - DIABETES MELLITUS INSULINODEPENDIENTE CON OTRAS COMPLICACIONES ESPECIFICADAS;9;4;;8;2;;2;2;;4
E107 - DIABETES MELLITUS INSULINODEPENDIENTE CON COMPLICACIONES MULTIPLES;1;1;;1;;;2;;;2
E108 - DIABETES MELLITUS INSULINODEPENDIENTE CON COMPLICACIONES NO ESPECIFICADAS;5;3;;2;;;4;2;;6
E109 - DIABETES MELLITUS INSULINODEPENDIENTE SIN MENCION DE COMPLICACION;53;22;;52;25;;43;16;;59
E110 - DIABETES MELLITUS NO INSULINODEPENDIENTE CON COMA;1;;;;;;;;;
E111 - DIABETES MELLITUS NO INSULINODEPENDIENTE CON CETOACIDOSIS;;;;;;;;;;
E112 - DIABETES MELLITUS NO INSULINODEPENDIENTE CON COMPLICACIONES RENALES;;;;;;;1;;;1
E114 - DIABETES MELLITUS NO INSULINODEPENDIENTE CON COMPLICACIONES NEUROLOGICAS;;;;;;;;;;
E115 - DIABETES MELLITUS NO INSULINODEPENDIENTE CON COMPLICACIONES CIRCULATORIAS PERIFERICAS;;;;1;1;;;;;
E116 - DIABETES MELLITUS NO INSULINODEPENDIENTE CON OTRAS COMPLICACIONES ESPECIFICADAS;3;1;;1;;;3;;;3
E117 - DIABETES MELLITUS NO INSULINODEPENDIENTE CON COMPLICACIONES MULTIPLES;1;;;;;;1;;;1
E118 - DIABETES MELLITUS NO INSULINODEPENDIENTE CON COMPLICACIONES NO ESPECIFICADAS;2;;;1;;;1;1;;2
E119 - DIABETES MELLITUS NO INSULINODEPENDIENTE SIN MENCION DE COMPLICACION;95;47;;90;51;;57;42;;99
E122 - DIABETES MELLITUS ASOCIADA CON DESNUTRICION CON COMPLICACIONES RENALES;;;;;;;;;;
E123 - DIABETES MELLITUS ASOCIADA CON DESNUTRICION CON COMPLICACIONES OFTALMICAS;;;;;;;;;;
E124 - DIABETES MELLITUS ASOCIADA CON DESNUTRICION CON COMPLICACIONES NEUROLOGICAS;;;;;;;;;;
E125 - DIABETES MELLITUS ASOCIADA CON DESNUTRICION CON COMPLICACIONES CIRCULATORIAS PERIFERICAS;;;;;;;;;;
E126 - DIABETES MELLITUS ASOCIADA CON DESNUTRICION CON OTRAS COMPLICACIONES ESPECIFICADAS;1;;;;1;;;;;
E129 - DIABETES MELLITUS ASOCIADA CON DESNUTRICION SIN MENCION DE COMPLICACION;1;;;1;;;;;;
E132 - OTRAS DIABETES MELLITUS ESPECIFICADAS CON COMPLICACIONES RENALES;;;;;;;;;;
E135 - OTRAS DIABETES MELLITUS ESPECIFICADAS CON COMPLICACIONES CIRCULATORIAS PERIFERICAS;1;;;1;;;;;;
E136 - OTRAS DIABETES MELLITUS ESPECIFICADAS CON OTRAS COMPLICACIONES ESPECIFICADAS;1;;;;;;1;;;1
E139 - OTRAS DIABETES MELLITUS ESPECIFICADAS SIN MENCION DE COMPLICACION;9;6;;1;2;;2;3;;5
E140 - DIABETES MELLITUS, NO ESPECIFICADA CON COMA;;;;;;;;;;
E141 - DIABETES MELLITUS, NO ESPECIFICADA CON CETOACIDOSIS;;;;;;;1;;;1
E142 - DIABETES MELLITUS, NO ESPECIFICADA CON COMPLICACIONES RENALES;;;;;;;;1;;1
E143 - DIABETES MELLITUS, NO ESPECIFICADA CON COMPLICACIONES OFTALMICAS;;;;;;;;1;;1
E145 - DIABETES MELLITUS, NO ESPECIFICADA CON COMPLICACIONES CIRCULATORIAS PERIFERICAS;;;;;;;1;;;1
E146 - DIABETES MELLITUS, NO ESPECIFICADA CON OTRAS COMPLICACIONES ESPECIFICADAS;1;;;;2;;;;;
E147 - DIABETES MELLITUS, NO ESPECIFICADA CON COMPLICACIONES MULTIPLES;;;;;1;;;;;
E148 - DIABETES MELLITUS, NO ESPECIFICADA CON COMPLICACIONES NO ESPECIFICADAS;2;;;;1;;;;;
E149 - DIABETES MELLITUS, NO ESPECIFICADA SIN MENCION DE COMPLICACION;21;11;;7;1;;3;6;;9
17653 - Salamina;256;132;;282;149;;305;161;;466
E101 - DIABETES MELLITUS INSULINODEPENDIENTE CON CETOACIDOSIS;;;;;;;1;1;;2
E102 - DIABETES MELLITUS INSULINODEPENDIENTE CON COMPLICACIONES RENALES;1;1;;2;;;;1;;1
E103 - DIABETES MELLITUS INSULINODEPENDIENTE CON COMPLICACIONES OFTALMICAS;5;;;2;2;;;;;
E104 - DIABETES MELLITUS INSULINODEPENDIENTE CON COMPLICACIONES NEUROLOGICAS;1;2;;3;;;2;;;2
E105 - DIABETES MELLITUS INSULINODEPENDIENTE CON COMPLICACIONES CIRCULATORIAS PERIFERICAS;2;;;1;;;1;1;;2
E106 - DIABETES MELLITUS INSULINODEPENDIENTE CON OTRAS COMPLICACIONES ESPECIFICADAS;8;3;;3;4;;6;4;;10
E107 - DIABETES MELLITUS INSULINODEPENDIENTE CON COMPLICACIONES MULTIPLES;2;2;;3;1;;3;;;3
E108 - DIABETES MELLITUS INSULINODEPENDIENTE CON COMPLICACIONES NO ESPECIFICADAS;7;6;;1;;;8;5;;13
E109 - DIABETES MELLITUS INSULINODEPENDIENTE SIN MENCION DE COMPLICACION;62;30;;74;40;;83;39;;122
E110 - DIABETES MELLITUS NO INSULINODEPENDIENTE CON COMA;;;;;;;;;;
E111 - DIABETES MELLITUS NO INSULINODEPENDIENTE CON CETOACIDOSIS;;;;;;;;;;
E112 - DIABETES MELLITUS NO INSULINODEPENDIENTE CON COMPLICACIONES RENALES;;;;;;;;5;;5
E113 - DIABETES MELLITUS NO INSULINODEPENDIENTE CON COMPLICACIONES OFTALMICAS;;;;;;;;1;;1
E114 - DIABETES MELLITUS NO INSULINODEPENDIENTE CON COMPLICACIONES NEUROLOGICAS;;;;1;1;;;1;;1
E115 - DIABETES MELLITUS NO INSULINODEPENDIENTE CON COMPLICACIONES CIRCULATORIAS PERIFERICAS;1;;;2;;;1;1;;2
E116 - DIABETES MELLITUS NO INSULINODEPENDIENTE CON OTRAS COMPLICACIONES ESPECIFICADAS;1;1;;3;1;;;3;;3
E117 - DIABETES MELLITUS NO INSULINODEPENDIENTE CON COMPLICACIONES MULTIPLES;;2;;;;;1;;;1
E118 - DIABETES MELLITUS NO INSULINODEPENDIENTE CON COMPLICACIONES NO ESPECIFICADAS;4;1;;3;3;;4;5;;9
E119 - DIABETES MELLITUS NO INSULINODEPENDIENTE SIN MENCION DE COMPLICACION;223;101;;232;120;;243;131;;374
E122 - DIABETES MELLITUS ASOCIADA CON DESNUTRICION CON COMPLICACIONES RENALES;;;;;;;;;;
E126 - DIABETES MELLITUS ASOCIADA CON DESNUTRICION CON OTRAS COMPLICACIONES ESPECIFICADAS;1;;;1;;;1;;;1
E127 - DIABETES MELLITUS ASOCIADA CON DESNUTRICION CON COMPLICACIONES MULTIPLES;;;;;;;1;;;1
E128 - DIABETES MELLITUS ASOCIADA CON DESNUTRICION CON COMPLICACIONES NO ESPECIFICADAS;;;;;;;;1;;1
E129 - DIABETES MELLITUS ASOCIADA CON DESNUTRICION SIN MENCION DE COMPLICACION;;;;;;;;1;;1
E131 - OTRAS DIABETES MELLITUS ESPECIFICADAS CON CETOACIDOSIS;;;;;1;;1;1;;2
E135 - OTRAS DIABETES MELLITUS ESPECIFICADAS CON COMPLICACIONES CIRCULATORIAS PERIFERICAS;;;;;;;1;;;1
E136 - OTRAS DIABETES MELLITUS ESPECIFICADAS CON OTRAS COMPLICACIONES ESPECIFICADAS;;;;1;;;1;;;1
E137 - OTRAS DIABETES MELLITUS ESPECIFICADAS CON COMPLICACIONES MULTIPLES;;;;;1;;;;;
E138 - OTRAS DIABETES MELLITUS ESPECIFICADAS CON COMPLICACIONES NO ESPECIFICADAS;;;;;;;;1;;1
E139 - OTRAS DIABETES MELLITUS ESPECIFICADAS SIN MENCION DE COMPLICACION;1;1;;1;;;5;4;;9
E141 - DIABETES MELLITUS, NO ESPECIFICADA CON CETOACIDOSIS;1;;;;;;;;;
E142 - DIABETES MELLITUS, NO ESPECIFICADA CON COMPLICACIONES RENALES;;;;;;;;;;
E143 - DIABETES MELLITUS, NO ESPECIFICADA CON COMPLICACIONES OFTALMICAS;3;2;;2;2;;1;1;;2
E145 - DIABETES MELLITUS, NO ESPECIFICADA CON COMPLICACIONES CIRCULATORIAS PERIFERICAS;;;;;;;;;;
E146 - DIABETES MELLITUS, NO ESPECIFICADA CON OTRAS COMPLICACIONES ESPECIFICADAS;;;;1;;;;;;
E147 - DIABETES MELLITUS, NO ESPECIFICADA CON COMPLICACIONES MULTIPLES;;;;;;;;;;
E148 - DIABETES MELLITUS, NO ESPECIFICADA CON COMPLICACIONES NO ESPECIFICADAS;6;3;;;;;;;;
E149 - DIABETES MELLITUS, NO ESPECIFICADA SIN MENCION DE COMPLICACION;9;12;;4;1;;9;3;;12
17662 - Samaná;223;110;;243;119;;234;103;;337
E100 - DIABETES MELLITUS INSULINODEPENDIENTE CON COMA;;;;;;;;1;;1
E101 - DIABETES MELLITUS INSULINODEPENDIENTE CON CETOACIDOSIS;3;;;1;2;;1;;;1
E102 - DIABETES MELLITUS INSULINODEPENDIENTE CON COMPLICACIONES RENALES;5;3;;5;1;;1;;;1
E103 - DIABETES MELLITUS INSULINODEPENDIENTE CON COMPLICACIONES OFTALMICAS;4;1;;1;1;;1;1;;2
E104 - DIABETES MELLITUS INSULINODEPENDIENTE CON COMPLICACIONES NEUROLOGICAS;5;3;;4;1;;2;1;;3
E105 - DIABETES MELLITUS INSULINODEPENDIENTE CON COMPLICACIONES CIRCULATORIAS PERIFERICAS;5;1;;5;9;;2;3;;5
E106 - DIABETES MELLITUS INSULINODEPENDIENTE CON OTRAS COMPLICACIONES ESPECIFICADAS;6;6;;7;3;;9;8;;17
E107 - DIABETES MELLITUS INSULINODEPENDIENTE CON COMPLICACIONES MULTIPLES;6;2;;7;7;;;3;;3
E108 - DIABETES MELLITUS INSULINODEPENDIENTE CON COMPLICACIONES NO ESPECIFICADAS;8;4;;10;2;;4;2;;6
E109 - DIABETES MELLITUS INSULINODEPENDIENTE SIN MENCION DE COMPLICACION;59;34;;70;36;;85;48;;133
E110 - DIABETES MELLITUS NO INSULINODEPENDIENTE CON COMA;;1;;11;5;;2;;;2
E111 - DIABETES MELLITUS NO INSULINODEPENDIENTE CON CETOACIDOSIS;;1;;1;1;;;2;;2
E112 - DIABETES MELLITUS NO INSULINODEPENDIENTE CON COMPLICACIONES RENALES;2;1;;;;;;;;
E113 - DIABETES MELLITUS NO INSULINODEPENDIENTE CON COMPLICACIONES OFTALMICAS;;1;;1;;;;;;
E114 - DIABETES MELLITUS NO INSULINODEPENDIENTE CON COMPLICACIONES NEUROLOGICAS;3;2;;1;;;;2;;2
E115 - DIABETES MELLITUS NO INSULINODEPENDIENTE CON COMPLICACIONES CIRCULATORIAS PERIFERICAS;1;2;;1;2;;1;2;;3
E116 - DIABETES MELLITUS NO INSULINODEPENDIENTE CON OTRAS COMPLICACIONES ESPECIFICADAS;5;2;;4;;;;2;;2
E117 - DIABETES MELLITUS NO INSULINODEPENDIENTE CON COMPLICACIONES MULTIPLES;1;;;;;;;;;
E118 - DIABETES MELLITUS NO INSULINODEPENDIENTE CON COMPLICACIONES NO ESPECIFICADAS;2;1;;2;1;;3;;;3
E119 - DIABETES MELLITUS NO INSULINODEPENDIENTE SIN MENCION DE COMPLICACION;153;67;;180;87;;157;64;;221
E120 - DIABETES MELLITUS ASOCIADA CON DESNUTRICION CON COMA;;;;;;;;;;
E121 - DIABETES MELLITUS ASOCIADA CON DESNUTRICION CON CETOACIDOSIS;;;;;;;;;;
E124 - DIABETES MELLITUS ASOCIADA CON DESNUTRICION CON COMPLICACIONES NEUROLOGICAS;;;;1;;;;;;
E125 - DIABETES MELLITUS ASOCIADA CON DESNUTRICION CON COMPLICACIONES CIRCULATORIAS PERIFERICAS;;;;;2;;;;;
E126 - DIABETES MELLITUS ASOCIADA CON DESNUTRICION CON OTRAS COMPLICACIONES ESPECIFICADAS;1;;;;;;;1;;1
E127 - DIABETES MELLITUS ASOCIADA CON DESNUTRICION CON COMPLICACIONES MULTIPLES;;1;;;1;;;1;;1
E128 - DIABETES MELLITUS ASOCIADA CON DESNUTRICION CON COMPLICACIONES NO ESPECIFICADAS;1;;;;;;;1;;1
E129 - DIABETES MELLITUS ASOCIADA CON DESNUTRICION SIN MENCION DE COMPLICACION;2;2;;1;;;;;;
E131 - OTRAS DIABETES MELLITUS ESPECIFICADAS CON CETOACIDOSIS;;;;;;;;;;
E132 - OTRAS DIABETES MELLITUS ESPECIFICADAS CON COMPLICACIONES RENALES;1;;;;;;;;;
E136 - OTRAS DIABETES MELLITUS ESPECIFICADAS CON OTRAS COMPLICACIONES ESPECIFICADAS;1;;;;;;;;;
E138 - OTRAS DIABETES MELLITUS ESPECIFICADAS CON COMPLICACIONES NO ESPECIFICADAS;;;;;;;;;;
E139 - OTRAS DIABETES MELLITUS ESPECIFICADAS SIN MENCION DE COMPLICACION;7;3;;1;;;3;;;3
E140 - DIABETES MELLITUS, NO ESPECIFICADA CON COMA;;;;1;;;;;;
E141 - DIABETES MELLITUS, NO ESPECIFICADA CON CETOACIDOSIS;;1;;;;;;1;;1
E142 - DIABETES MELLITUS, NO ESPECIFICADA CON COMPLICACIONES RENALES;;;;;;;;;;
E143 - DIABETES MELLITUS, NO ESPECIFICADA CON COMPLICACIONES OFTALMICAS;;2;;1;;;;;;
E144 - DIABETES MELLITUS, NO ESPECIFICADA CON COMPLICACIONES NEUROLOGICAS;;;;;;;;;;
E145 - DIABETES MELLITUS, NO ESPECIFICADA CON COMPLICACIONES CIRCULATORIAS PERIFERICAS;;;;;1;;;;;
E146 - DIABETES MELLITUS, NO ESPECIFICADA CON OTRAS COMPLICACIONES ESPECIFICADAS;1;;;;2;;;1;;1
E148 - DIABETES MELLITUS, NO ESPECIFICADA CON COMPLICACIONES NO ESPECIFICADAS;1;;;;1;;;;;
E149 - DIABETES MELLITUS, NO ESPECIFICADA SIN MENCION DE COMPLICACION;29;18;;14;4;;16;3;;19
17665 - San José;28;11;;24;15;;14;11;;25
E101 - DIABETES MELLITUS INSULINODEPENDIENTE CON CETOACIDOSIS;;;;;;;;1;;1
E103 - DIABETES MELLITUS INSULINODEPENDIENTE CON COMPLICACIONES OFTALMICAS;;;;;;;;1;;1
E105 - DIABETES MELLITUS INSULINODEPENDIENTE CON COMPLICACIONES CIRCULATORIAS PERIFERICAS;;;;;;;;;;
E106 - DIABETES MELLITUS INSULINODEPENDIENTE CON OTRAS COMPLICACIONES ESPECIFICADAS;;;;;;;;;;
E108 - DIABETES MELLITUS INSULINODEPENDIENTE CON COMPLICACIONES NO ESPECIFICADAS;1;;;;1;;;;;
E109 - DIABETES MELLITUS INSULINODEPENDIENTE SIN MENCION DE COMPLICACION;10;4;;9;8;;5;4;;9
E111 - DIABETES MELLITUS NO INSULINODEPENDIENTE CON CETOACIDOSIS;;;;;;;1;;;1
E112 - DIABETES MELLITUS NO INSULINODEPENDIENTE CON COMPLICACIONES RENALES;1;;;1;;;;;;
E115 - DIABETES MELLITUS NO INSULINODEPENDIENTE CON COMPLICACIONES CIRCULATORIAS PERIFERICAS;;;;;1;;;;;
E116 - DIABETES MELLITUS NO INSULINODEPENDIENTE CON OTRAS COMPLICACIONES ESPECIFICADAS;;1;;1;1;;;1;;1
E118 - DIABETES MELLITUS NO INSULINODEPENDIENTE CON COMPLICACIONES NO ESPECIFICADAS;;;;;;;;;;
E119 - DIABETES MELLITUS NO INSULINODEPENDIENTE SIN MENCION DE COMPLICACION;14;6;;13;8;;9;6;;15
E139 - OTRAS DIABETES MELLITUS ESPECIFICADAS SIN MENCION DE COMPLICACION;1;;;;1;;1;;;1
E141 - DIABETES MELLITUS, NO ESPECIFICADA CON CETOACIDOSIS;;;;;;;;1;;1
E145 - DIABETES MELLITUS, NO ESPECIFICADA CON COMPLICACIONES CIRCULATORIAS PERIFERICAS;;;;;;;;1;;1
E148 - DIABETES MELLITUS, NO ESPECIFICADA CON COMPLICACIONES NO ESPECIFICADAS;1;;;;;;;;;
E149 - DIABETES MELLITUS, NO ESPECIFICADA SIN MENCION DE COMPLICACION;3;2;;1;;;;;;
17777 - Supía;456;190;;529;233;;529;259;;788
E100 - DIABETES MELLITUS INSULINODEPENDIENTE CON COMA;;;;;;;1;;;1
E101 - DIABETES MELLITUS INSULINODEPENDIENTE CON CETOACIDOSIS;2;1;;2;1;;1;;;1
E102 - DIABETES MELLITUS INSULINODEPENDIENTE CON COMPLICACIONES RENALES;2;;;2;2;;1;;;1
E103 - DIABETES MELLITUS INSULINODEPENDIENTE CON COMPLICACIONES OFTALMICAS;;;;;;;4;1;;5
E104 - DIABETES MELLITUS INSULINODEPENDIENTE CON COMPLICACIONES NEUROLOGICAS;1;;;4;1;;3;2;;5
E105 - DIABETES MELLITUS INSULINODEPENDIENTE CON COMPLICACIONES CIRCULATORIAS PERIFERICAS;7;1;;6;1;;5;1;;6
E106 - DIABETES MELLITUS INSULINODEPENDIENTE CON OTRAS COMPLICACIONES ESPECIFICADAS;13;6;;6;4;;6;5;;11
E107 - DIABETES MELLITUS INSULINODEPENDIENTE CON COMPLICACIONES MULTIPLES;2;2;;2;4;;2;3;;5
E108 - DIABETES MELLITUS INSULINODEPENDIENTE CON COMPLICACIONES NO ESPECIFICADAS;3;4;;10;3;;11;4;;15
E109 - DIABETES MELLITUS INSULINODEPENDIENTE SIN MENCION DE COMPLICACION;110;37;;138;57;;122;56;;178
E111 - DIABETES MELLITUS NO INSULINODEPENDIENTE CON CETOACIDOSIS;;;;1;1;;;;;
E112 - DIABETES MELLITUS NO INSULINODEPENDIENTE CON COMPLICACIONES RENALES;;;;2;2;;;;;
E113 - DIABETES MELLITUS NO INSULINODEPENDIENTE CON COMPLICACIONES OFTALMICAS;1;;;;1;;4;;;4
E114 - DIABETES MELLITUS NO INSULINODEPENDIENTE CON COMPLICACIONES NEUROLOGICAS;;1;;;;;1;1;;2
E115 - DIABETES MELLITUS NO INSULINODEPENDIENTE CON COMPLICACIONES CIRCULATORIAS PERIFERICAS;1;1;;2;1;;1;2;;3
E116 - DIABETES MELLITUS NO INSULINODEPENDIENTE CON OTRAS COMPLICACIONES ESPECIFICADAS;5;1;;3;2;;2;1;;3
E117 - DIABETES MELLITUS NO INSULINODEPENDIENTE CON COMPLICACIONES MULTIPLES;2;;;;1;;1;1;;2
E118 - DIABETES MELLITUS NO INSULINODEPENDIENTE CON COMPLICACIONES NO ESPECIFICADAS;;2;;3;3;;4;1;;5
E119 - DIABETES MELLITUS NO INSULINODEPENDIENTE SIN MENCION DE COMPLICACION;258;109;;304;157;;328;170;;498
E121 - DIABETES MELLITUS ASOCIADA CON DESNUTRICION CON CETOACIDOSIS;;;;;;;1;;;1
E125 - DIABETES MELLITUS ASOCIADA CON DESNUTRICION CON COMPLICACIONES CIRCULATORIAS PERIFERICAS;;;;;;;;1;;1
E126 - DIABETES MELLITUS ASOCIADA CON DESNUTRICION CON OTRAS COMPLICACIONES ESPECIFICADAS;;;;;2;;;1;;1
E127 - DIABETES MELLITUS ASOCIADA CON DESNUTRICION CON COMPLICACIONES MULTIPLES;;;;;;;;;;
E128 - DIABETES MELLITUS ASOCIADA CON DESNUTRICION CON COMPLICACIONES NO ESPECIFICADAS;;;;;;;;1;;1
E129 - DIABETES MELLITUS ASOCIADA CON DESNUTRICION SIN MENCION DE COMPLICACION;1;;;3;;;;1;;1
E131 - OTRAS DIABETES MELLITUS ESPECIFICADAS CON CETOACIDOSIS;;;;;;;;;;
E132 - OTRAS DIABETES MELLITUS ESPECIFICADAS CON COMPLICACIONES RENALES;1;2;;9;2;;;;;
E134 - OTRAS DIABETES MELLITUS ESPECIFICADAS CON COMPLICACIONES NEUROLOGICAS;2;1;;8;1;;;;;
E135 - OTRAS DIABETES MELLITUS ESPECIFICADAS CON COMPLICACIONES CIRCULATORIAS PERIFERICAS;1;;;3;2;;;1;;1
E136 - OTRAS DIABETES MELLITUS ESPECIFICADAS CON OTRAS COMPLICACIONES ESPECIFICADAS;;;;;;;;;;
E137 - OTRAS DIABETES MELLITUS ESPECIFICADAS CON COMPLICACIONES MULTIPLES;;;;;1;;;;;
E138 - OTRAS DIABETES MELLITUS ESPECIFICADAS CON COMPLICACIONES NO ESPECIFICADAS;;;;6;;;;;;
E139 - OTRAS DIABETES MELLITUS ESPECIFICADAS SIN MENCION DE COMPLICACION;15;3;;77;26;;66;31;;97
E141 - DIABETES MELLITUS, NO ESPECIFICADA CON CETOACIDOSIS;1;1;;1;;;;;;
E142 - DIABETES MELLITUS, NO ESPECIFICADA CON COMPLICACIONES RENALES;1;;;;;;;;;
E143 - DIABETES MELLITUS, NO ESPECIFICADA CON COMPLICACIONES OFTALMICAS;7;;;5;4;;2;3;;5
E144 - DIABETES MELLITUS, NO ESPECIFICADA CON COMPLICACIONES NEUROLOGICAS;1;3;;1;1;;1;1;;2
E145 - DIABETES MELLITUS, NO ESPECIFICADA CON COMPLICACIONES CIRCULATORIAS PERIFERICAS;;1;;;;;;1;;1
E146 - DIABETES MELLITUS, NO ESPECIFICADA CON OTRAS COMPLICACIONES ESPECIFICADAS;;1;;3;2;;2;2;;4
E147 - DIABETES MELLITUS, NO ESPECIFICADA CON COMPLICACIONES MULTIPLES;1;;;2;;;;;;
E148 - DIABETES MELLITUS, NO ESPECIFICADA CON COMPLICACIONES NO ESPECIFICADAS;30;13;;2;1;;1;;;1
E149 - DIABETES MELLITUS, NO ESPECIFICADA SIN MENCION DE COMPLICACION;152;59;;132;56;;131;53;;184
17867 - Victoria;103;56;;97;58;;90;57;;147
E101 - DIABETES MELLITUS INSULINODEPENDIENTE CON CETOACIDOSIS;;1;;2;2;;;;;
E102 - DIABETES MELLITUS INSULINODEPENDIENTE CON COMPLICACIONES RENALES;4;3;;;3;;;2;;2
E104 - DIABETES MELLITUS INSULINODEPENDIENTE CON COMPLICACIONES NEUROLOGICAS;1;1;;;1;;1;;;1
E105 - DIABETES MELLITUS INSULINODEPENDIENTE CON COMPLICACIONES CIRCULATORIAS PERIFERICAS;1;1;;;1;;1;1;;2
E106 - DIABETES MELLITUS INSULINODEPENDIENTE CON OTRAS COMPLICACIONES ESPECIFICADAS;6;3;;5;3;;1;;;1
E107 - DIABETES MELLITUS INSULINODEPENDIENTE CON COMPLICACIONES MULTIPLES;2;2;;1;2;;2;1;;3
E108 - DIABETES MELLITUS INSULINODEPENDIENTE CON COMPLICACIONES NO ESPECIFICADAS;3;4;;3;1;;3;1;;4
E109 - DIABETES MELLITUS INSULINODEPENDIENTE SIN MENCION DE COMPLICACION;23;17;;33;18;;37;20;;57
E110 - DIABETES MELLITUS NO INSULINODEPENDIENTE CON COMA;;;;1;3;;;;;
E111 - DIABETES MELLITUS NO INSULINODEPENDIENTE CON CETOACIDOSIS;1;1;;3;;;;;;
E112 - DIABETES MELLITUS NO INSULINODEPENDIENTE CON COMPLICACIONES RENALES;7;1;;;1;;2;1;;3
E113 - DIABETES MELLITUS NO INSULINODEPENDIENTE CON COMPLICACIONES OFTALMICAS;;;;;;;;;;
E114 - DIABETES MELLITUS NO INSULINODEPENDIENTE CON COMPLICACIONES NEUROLOGICAS;1;;;2;;;3;;;3
E115 - DIABETES MELLITUS NO INSULINODEPENDIENTE CON COMPLICACIONES CIRCULATORIAS PERIFERICAS;;1;;1;;;;;;
E116 - DIABETES MELLITUS NO INSULINODEPENDIENTE CON OTRAS COMPLICACIONES ESPECIFICADAS;1;1;;9;3;;3;;;3
E117 - DIABETES MELLITUS NO INSULINODEPENDIENTE CON COMPLICACIONES MULTIPLES;1;1;;;2;;;;;
E118 - DIABETES MELLITUS NO INSULINODEPENDIENTE CON COMPLICACIONES NO ESPECIFICADAS;2;1;;1;1;;1;2;;3
E119 - DIABETES MELLITUS NO INSULINODEPENDIENTE SIN MENCION DE COMPLICACION;66;32;;53;40;;65;39;;104
E125 - DIABETES MELLITUS ASOCIADA CON DESNUTRICION CON COMPLICACIONES CIRCULATORIAS PERIFERICAS;;1;;;1;;;;;
E126 - DIABETES MELLITUS ASOCIADA CON DESNUTRICION CON OTRAS COMPLICACIONES ESPECIFICADAS;;;;;;;1;;;1
E128 - DIABETES MELLITUS ASOCIADA CON DESNUTRICION CON COMPLICACIONES NO ESPECIFICADAS;;;;;;;2;;;2
E129 - DIABETES MELLITUS ASOCIADA CON DESNUTRICION SIN MENCION DE COMPLICACION;1;;;;;;;;;
E135 - OTRAS DIABETES MELLITUS ESPECIFICADAS CON COMPLICACIONES CIRCULATORIAS PERIFERICAS;;;;;;;;;;
E139 - OTRAS DIABETES MELLITUS ESPECIFICADAS SIN MENCION DE COMPLICACION;3;1;;6;2;;4;2;;6
E141 - DIABETES MELLITUS, NO ESPECIFICADA CON CETOACIDOSIS;;;;;1;;;;;
E143 - DIABETES MELLITUS, NO ESPECIFICADA CON COMPLICACIONES OFTALMICAS;;;;;;;;;;
E144 - DIABETES MELLITUS, NO ESPECIFICADA CON COMPLICACIONES NEUROLOGICAS;;;;;;;;1;;1
E145 - DIABETES MELLITUS, NO ESPECIFICADA CON COMPLICACIONES CIRCULATORIAS PERIFERICAS;;1;;;;;;;;
E146 - DIABETES MELLITUS, NO ESPECIFICADA CON OTRAS COMPLICACIONES ESPECIFICADAS;;;;;;;1;;;1
E148 - DIABETES MELLITUS, NO ESPECIFICADA CON COMPLICACIONES NO ESPECIFICADAS;;1;;;2;;;1;;1
E149 - DIABETES MELLITUS, NO ESPECIFICADA SIN MENCION DE COMPLICACION;16;16;;17;5;;6;3;;9
17873 - Villamaría;505;323;;667;416;;750;444;;1.194
E100 - DIABETES MELLITUS INSULINODEPENDIENTE CON COMA;;;;;;;;;;
E101 - DIABETES MELLITUS INSULINODEPENDIENTE CON CETOACIDOSIS;;;;5;;;4;2;;6
E102 - DIABETES MELLITUS INSULINODEPENDIENTE CON COMPLICACIONES RENALES;1;2;;2;2;;4;3;;7
E103 - DIABETES MELLITUS INSULINODEPENDIENTE CON COMPLICACIONES OFTALMICAS;2;;;;;;;;;
E104 - DIABETES MELLITUS INSULINODEPENDIENTE CON COMPLICACIONES NEUROLOGICAS;2;;;;3;;;1;;1
E105 - DIABETES MELLITUS INSULINODEPENDIENTE CON COMPLICACIONES CIRCULATORIAS PERIFERICAS;2;3;;6;3;;4;;;4
E106 - DIABETES MELLITUS INSULINODEPENDIENTE CON OTRAS COMPLICACIONES ESPECIFICADAS;13;12;;33;13;;42;30;;72
E107 - DIABETES MELLITUS INSULINODEPENDIENTE CON COMPLICACIONES MULTIPLES;4;1;;7;4;;5;5;;10
E108 - DIABETES MELLITUS INSULINODEPENDIENTE CON COMPLICACIONES NO ESPECIFICADAS;17;9;;37;12;;28;15;;43
E109 - DIABETES MELLITUS INSULINODEPENDIENTE SIN MENCION DE COMPLICACION;159;105;;212;140;;216;156;;372
E110 - DIABETES MELLITUS NO INSULINODEPENDIENTE CON COMA;;;;;;;;1;;1
E111 - DIABETES MELLITUS NO INSULINODEPENDIENTE CON CETOACIDOSIS;1;1;;4;;;2;6;;8
E112 - DIABETES MELLITUS NO INSULINODEPENDIENTE CON COMPLICACIONES RENALES;;5;;6;2;;;3;;3
E113 - DIABETES MELLITUS NO INSULINODEPENDIENTE CON COMPLICACIONES OFTALMICAS;1;;;1;1;;;;;
E114 - DIABETES MELLITUS NO INSULINODEPENDIENTE CON COMPLICACIONES NEUROLOGICAS;1;;;1;;;;1;;1
E115 - DIABETES MELLITUS NO INSULINODEPENDIENTE CON COMPLICACIONES CIRCULATORIAS PERIFERICAS;1;3;;3;1;;4;;;4
E116 - DIABETES MELLITUS NO INSULINODEPENDIENTE CON OTRAS COMPLICACIONES ESPECIFICADAS;16;12;;23;20;;17;10;;27
E117 - DIABETES MELLITUS NO INSULINODEPENDIENTE CON COMPLICACIONES MULTIPLES;;1;;1;;;2;2;;4
E118 - DIABETES MELLITUS NO INSULINODEPENDIENTE CON COMPLICACIONES NO ESPECIFICADAS;4;6;;5;14;;10;11;;21
E119 - DIABETES MELLITUS NO INSULINODEPENDIENTE SIN MENCION DE COMPLICACION;362;221;;451;272;;551;305;;856
E120 - DIABETES MELLITUS ASOCIADA CON DESNUTRICION CON COMA;1;;;;;;;;;
E121 - DIABETES MELLITUS ASOCIADA CON DESNUTRICION CON CETOACIDOSIS;;;;;;;1;;;1
E122 - DIABETES MELLITUS ASOCIADA CON DESNUTRICION CON COMPLICACIONES RENALES;1;;;;;;;;;
E123 - DIABETES MELLITUS ASOCIADA CON DESNUTRICION CON COMPLICACIONES OFTALMICAS;;;;;1;;;;;
E124 - DIABETES MELLITUS ASOCIADA CON DESNUTRICION CON COMPLICACIONES NEUROLOGICAS;;;;1;;;;;;
E125 - DIABETES MELLITUS ASOCIADA CON DESNUTRICION CON COMPLICACIONES CIRCULATORIAS PERIFERICAS;;;;;1;;;;;
E126 - DIABETES MELLITUS ASOCIADA CON DESNUTRICION CON OTRAS COMPLICACIONES ESPECIFICADAS;;;;;;;;1;;1
E127 - DIABETES MELLITUS ASOCIADA CON DESNUTRICION CON COMPLICACIONES MULTIPLES;;;;;;;1;;;1
E128 - DIABETES MELLITUS ASOCIADA CON DESNUTRICION CON COMPLICACIONES NO ESPECIFICADAS;;;;;1;;1;;;1
E129 - DIABETES MELLITUS ASOCIADA CON DESNUTRICION SIN MENCION DE COMPLICACION;1;1;;1;2;;;2;;2
E131 - OTRAS DIABETES MELLITUS ESPECIFICADAS CON CETOACIDOSIS;;1;;;1;;;1;;1
E134 - OTRAS DIABETES MELLITUS ESPECIFICADAS CON COMPLICACIONES NEUROLOGICAS;1;1;;;;;;;;
E135 - OTRAS DIABETES MELLITUS ESPECIFICADAS CON COMPLICACIONES CIRCULATORIAS PERIFERICAS;;;;;1;;;;;
E136 - OTRAS DIABETES MELLITUS ESPECIFICADAS CON OTRAS COMPLICACIONES ESPECIFICADAS;;;;;;;1;;;1
E137 - OTRAS DIABETES MELLITUS ESPECIFICADAS CON COMPLICACIONES MULTIPLES;;;;;;;;;;
E138 - OTRAS DIABETES MELLITUS ESPECIFICADAS CON COMPLICACIONES NO ESPECIFICADAS;;3;;;4;;1;1;;2
E139 - OTRAS DIABETES MELLITUS ESPECIFICADAS SIN MENCION DE COMPLICACION;30;16;;26;25;;18;24;;42
E140 - DIABETES MELLITUS, NO ESPECIFICADA CON COMA;;;;;;;;;;
E141 - DIABETES MELLITUS, NO ESPECIFICADA CON CETOACIDOSIS;1;1;;1;;;1;1;;2
E142 - DIABETES MELLITUS, NO ESPECIFICADA CON COMPLICACIONES RENALES;;;;;;;;;;
E143 - DIABETES MELLITUS, NO ESPECIFICADA CON COMPLICACIONES OFTALMICAS;8;1;;4;3;;4;2;;6
E144 - DIABETES MELLITUS, NO ESPECIFICADA CON COMPLICACIONES NEUROLOGICAS;;;;;;;;;;
E145 - DIABETES MELLITUS, NO ESPECIFICADA CON COMPLICACIONES CIRCULATORIAS PERIFERICAS;;1;;;2;;1;;;1
E146 - DIABETES MELLITUS, NO ESPECIFICADA CON OTRAS COMPLICACIONES ESPECIFICADAS;1;;;1;;;;2;;2
E147 - DIABETES MELLITUS, NO ESPECIFICADA CON COMPLICACIONES MULTIPLES;;;;;;;;;;
E148 - DIABETES MELLITUS, NO ESPECIFICADA CON COMPLICACIONES NO ESPECIFICADAS;;2;;;3;;;1;;1
E149 - DIABETES MELLITUS, NO ESPECIFICADA SIN MENCION DE COMPLICACION;43;25;;24;16;;11;8;;19
17877 - Viterbo;177;65;;254;144;;342;212;;554
E100 - DIABETES MELLITUS INSULINODEPENDIENTE CON COMA;1;;;;;;;;;
E101 - DIABETES MELLITUS INSULINODEPENDIENTE CON CETOACIDOSIS;;;;2;1;;;;;
E102 - DIABETES MELLITUS INSULINODEPENDIENTE CON COMPLICACIONES RENALES;3;;;3;5;;1;1;;2
E103 - DIABETES MELLITUS INSULINODEPENDIENTE CON COMPLICACIONES OFTALMICAS;;;;;;;1;;;1
E104 - DIABETES MELLITUS INSULINODEPENDIENTE CON COMPLICACIONES NEUROLOGICAS;1;;;;;;1;;;1
E105 - DIABETES MELLITUS INSULINODEPENDIENTE CON COMPLICACIONES CIRCULATORIAS PERIFERICAS;;1;;1;1;;2;;;2
E106 - DIABETES MELLITUS INSULINODEPENDIENTE CON OTRAS COMPLICACIONES ESPECIFICADAS;5;2;;5;2;;3;1;;4
E107 - DIABETES MELLITUS INSULINODEPENDIENTE CON COMPLICACIONES MULTIPLES;2;;;2;;;2;;;2
E108 - DIABETES MELLITUS INSULINODEPENDIENTE CON COMPLICACIONES NO ESPECIFICADAS;4;2;;8;4;;6;2;;8
E109 - DIABETES MELLITUS INSULINODEPENDIENTE SIN MENCION DE COMPLICACION;57;22;;71;40;;92;55;;147
E110 - DIABETES MELLITUS NO INSULINODEPENDIENTE CON COMA;1;;;;;;1;;;1
E111 - DIABETES MELLITUS NO INSULINODEPENDIENTE CON CETOACIDOSIS;;;;1;1;;;;;
E112 - DIABETES MELLITUS NO INSULINODEPENDIENTE CON COMPLICACIONES RENALES;2;;;1;;;2;;;2
E113 - DIABETES MELLITUS NO INSULINODEPENDIENTE CON COMPLICACIONES OFTALMICAS;;;;;;;;;;
E114 - DIABETES MELLITUS NO INSULINODEPENDIENTE CON COMPLICACIONES NEUROLOGICAS;;;;1;;;1;2;;3
E115 - DIABETES MELLITUS NO INSULINODEPENDIENTE CON COMPLICACIONES CIRCULATORIAS PERIFERICAS;;;;2;2;;;;;
E116 - DIABETES MELLITUS NO INSULINODEPENDIENTE CON OTRAS COMPLICACIONES ESPECIFICADAS;2;2;;1;1;;2;;;2
E117 - DIABETES MELLITUS NO INSULINODEPENDIENTE CON COMPLICACIONES MULTIPLES;1;;;5;2;;1;;;1
E118 - DIABETES MELLITUS NO INSULINODEPENDIENTE CON COMPLICACIONES NO ESPECIFICADAS;1;;;1;1;;1;2;;3
E119 - DIABETES MELLITUS NO INSULINODEPENDIENTE SIN MENCION DE COMPLICACION;141;55;;201;104;;269;168;;437
E121 - DIABETES MELLITUS ASOCIADA CON DESNUTRICION CON CETOACIDOSIS;;1;;;;;;;;
E123 - DIABETES MELLITUS ASOCIADA CON DESNUTRICION CON COMPLICACIONES OFTALMICAS;;;;;;;;;;
E124 - DIABETES MELLITUS ASOCIADA CON DESNUTRICION CON COMPLICACIONES NEUROLOGICAS;;;;;;;;;;
E125 - DIABETES MELLITUS ASOCIADA CON DESNUTRICION CON COMPLICACIONES CIRCULATORIAS PERIFERICAS;;;;;;;;;;
E126 - DIABETES MELLITUS ASOCIADA CON DESNUTRICION CON OTRAS COMPLICACIONES ESPECIFICADAS;;;;;1;;1;;;1
E128 - DIABETES MELLITUS ASOCIADA CON DESNUTRICION CON COMPLICACIONES NO ESPECIFICADAS;;;;1;1;;1;1;;2
E129 - DIABETES MELLITUS ASOCIADA CON DESNUTRICION SIN MENCION DE COMPLICACION;;1;;1;;;1;;;1
E131 - OTRAS DIABETES MELLITUS ESPECIFICADAS CON CETOACIDOSIS;;1;;;;;;1;;1
E135 - OTRAS DIABETES MELLITUS ESPECIFICADAS CON COMPLICACIONES CIRCULATORIAS PERIFERICAS;;;;;;;;;;
E138 - OTRAS DIABETES MELLITUS ESPECIFICADAS CON COMPLICACIONES NO ESPECIFICADAS;;;;;;;;;;
E139 - OTRAS DIABETES MELLITUS ESPECIFICADAS SIN MENCION DE COMPLICACION;2;;;2;1;;5;4;;9
E141 - DIABETES MELLITUS, NO ESPECIFICADA CON CETOACIDOSIS;;1;;1;1;;;;;
E142 - DIABETES MELLITUS, NO ESPECIFICADA CON COMPLICACIONES RENALES;;;;;;;;;;
E143 - DIABETES MELLITUS, NO ESPECIFICADA CON COMPLICACIONES OFTALMICAS;1;;;1;1;;;;;
E144 - DIABETES MELLITUS, NO ESPECIFICADA CON COMPLICACIONES NEUROLOGICAS;;;;;;;;;;
E145 - DIABETES MELLITUS, NO ESPECIFICADA CON COMPLICACIONES CIRCULATORIAS PERIFERICAS;;;;1;;;;;;
E146 - DIABETES MELLITUS, NO ESPECIFICADA CON OTRAS COMPLICACIONES ESPECIFICADAS;;1;;;;;1;1;;2
E147 - DIABETES MELLITUS, NO ESPECIFICADA CON COMPLICACIONES MULTIPLES;;;;1;;;1;;;1
E148 - DIABETES MELLITUS, NO ESPECIFICADA CON COMPLICACIONES NO ESPECIFICADAS;4;;;2;1;;;;;
E149 - DIABETES MELLITUS, NO ESPECIFICADA SIN MENCION DE COMPLICACION;9;1;;10;11;;43;25;;68
Total general;13.099;8.158;1;15.912;9.913;1;16.011;10.301;1;26.313
